x-axis,1,2
second,Volt,Volt
-100.0000E-06,+48.6317520E-03,+3.7166144E-03
-99.9000E-06,+48.6723800E-03,+2.2758837E-03
-99.8000E-06,+48.6909316E-03,+2.6210172E-03
-99.7000E-06,+48.6686857E-03,+2.1434597E-03
-99.6000E-06,+48.7747472E-03,+1.6022929E-03
-99.5000E-06,+48.7456346E-03,+1.6161616E-03
-99.4000E-06,+48.7531098E-03,+1.1405533E-03
-99.3000E-06,+48.7740429E-03,+968.8489E-06
-99.2000E-06,+48.6939183E-03,+1.1873463E-03
-99.1000E-06,+48.6411579E-03,+1.1463145E-03
-99.0000E-06,+48.6379152E-03,+1.4132968E-03
-98.9000E-06,+48.6438962E-03,+2.1391970E-03
-98.8000E-06,+48.6700078E-03,+1.9160211E-03
-98.7000E-06,+48.6935675E-03,+2.4619301E-03
-98.6000E-06,+48.6828327E-03,+2.3139043E-03
-98.5000E-06,+48.7183772E-03,+2.6786821E-03
-98.4000E-06,+48.7392985E-03,+2.0652594E-03
-98.3000E-06,+48.7357116E-03,+1.8440879E-03
-98.2000E-06,-39.4104326E-03,+54.3826844E-03
-98.1000E-06,-51.6178214E-03,+99.9708828E-03
-98.0000E-06,-51.8996033E-03,-8.4673073E-03
-97.9000E-06,-51.8491712E-03,-7.5119128E-03
-97.8000E-06,-51.8013050E-03,+18.4532323E-03
-97.7000E-06,-51.8407416E-03,+14.6904689E-03
-97.6000E-06,-51.8130536E-03,+8.6893201E-03
-97.5000E-06,-51.7975845E-03,+10.6311089E-03
-97.4000E-06,-51.8121536E-03,+11.9588550E-03
-97.3000E-06,-51.8610882E-03,+11.6776311E-03
-97.2000E-06,-51.8947639E-03,+12.1263418E-03
-97.1000E-06,-51.9076601E-03,+12.9135029E-03
-97.0000E-06,-51.9202509E-03,+13.1830334E-03
-96.9000E-06,-51.8936029E-03,+13.6597100E-03
-96.8000E-06,-51.8349285E-03,+14.1466820E-03
-96.7000E-06,-51.8664724E-03,+13.5238845E-03
-96.6000E-06,-51.7877227E-03,+13.3903525E-03
-96.5000E-06,-51.7646274E-03,+12.8273064E-03
-96.4000E-06,-51.8013662E-03,+12.2893258E-03
-96.3000E-06,-51.7922985E-03,+11.8787015E-03
-96.2000E-06,-51.8078752E-03,+11.8041463E-03
-96.1000E-06,-51.8866064E-03,+11.9589083E-03
-96.0000E-06,-51.8863853E-03,+11.9485802E-03
-95.9000E-06,-51.8822781E-03,+12.3638433E-03
-95.8000E-06,-51.8974423E-03,+12.5634726E-03
-95.7000E-06,+41.2625023E-03,-53.0733961E-03
-95.6000E-06,+48.6053086E-03,-79.2527952E-03
-95.5000E-06,+48.7874296E-03,+24.9703288E-03
-95.4000E-06,+48.7117538E-03,+21.1273957E-03
-95.3000E-06,+48.6511597E-03,-4.7856412E-03
-95.2000E-06,+48.6295515E-03,-689.6789E-06
-95.1000E-06,+48.6915013E-03,+5.5480476E-03
-95.0000E-06,+48.6559067E-03,+3.2142708E-03
-94.9000E-06,+48.6838157E-03,+2.3866478E-03
-94.8000E-06,+48.7071093E-03,+2.8863096E-03
-94.7000E-06,+48.7214773E-03,+2.6061753E-03
-94.6000E-06,+48.7560691E-03,+2.0205660E-03
-94.5000E-06,+48.8177315E-03,+1.9994704E-03
-94.4000E-06,+48.7710655E-03,+1.2951111E-03
-94.3000E-06,+48.7819247E-03,+516.1602E-06
-94.2000E-06,+48.6801225E-03,+608.8276E-06
-94.1000E-06,+48.6240853E-03,+709.7245E-06
-94.0000E-06,+48.6142248E-03,+1.8418431E-03
-93.9000E-06,+48.6174219E-03,+2.9669413E-03
-93.8000E-06,+48.6641955E-03,+2.6019175E-03
-93.7000E-06,+48.6831329E-03,+2.1441007E-03
-93.6000E-06,+48.6805903E-03,+1.7253289E-03
-93.5000E-06,+48.7272631E-03,+2.5508326E-03
-93.4000E-06,+48.7712945E-03,+2.6993475E-03
-93.3000E-06,+48.8019266E-03,+2.5890690E-03
-93.2000E-06,-39.4991035E-03,+54.4357210E-03
-93.1000E-06,-51.5693421E-03,+99.1294252E-03
-93.0000E-06,-51.9357079E-03,-9.2991385E-03
-92.9000E-06,-51.8442499E-03,-7.3364329E-03
-92.8000E-06,-51.8474595E-03,+18.6955685E-03
-92.7000E-06,-51.8755565E-03,+14.8456030E-03
-92.6000E-06,-51.8007070E-03,+8.4222176E-03
-92.5000E-06,-51.7975887E-03,+10.1674334E-03
-92.4000E-06,-51.7824767E-03,+12.2934660E-03
-92.3000E-06,-51.8642711E-03,+11.9161497E-03
-92.2000E-06,-51.8836678E-03,+12.4826023E-03
-92.1000E-06,-51.8913141E-03,+12.4015576E-03
-92.0000E-06,-51.9066074E-03,+13.0349466E-03
-91.9000E-06,-51.9170474E-03,+13.7557901E-03
-91.8000E-06,-51.8578745E-03,+13.7014759E-03
-91.7000E-06,-51.8303059E-03,+13.1711035E-03
-91.6000E-06,-51.8400049E-03,+13.0695767E-03
-91.5000E-06,-51.8178445E-03,+12.7582249E-03
-91.4000E-06,-51.8156270E-03,+13.3001094E-03
-91.3000E-06,-51.8513971E-03,+12.5546704E-03
-91.2000E-06,-51.7673702E-03,+12.1448050E-03
-91.1000E-06,-51.8562910E-03,+11.1084273E-03
-91.0000E-06,-51.8512821E-03,+11.9628303E-03
-90.9000E-06,-51.8806853E-03,+12.7645278E-03
-90.8000E-06,-51.9140235E-03,+13.2682752E-03
-90.7000E-06,+41.3445969E-03,-53.2037100E-03
-90.6000E-06,+48.5935191E-03,-80.2574871E-03
-90.5000E-06,+48.7843049E-03,+23.6359126E-03
-90.4000E-06,+48.6668043E-03,+20.3010632E-03
-90.3000E-06,+48.6347649E-03,-3.7960478E-03
-90.2000E-06,+48.6443236E-03,-217.6096E-06
-90.1000E-06,+48.6989078E-03,+5.7754515E-03
-90.0000E-06,+48.6361490E-03,+3.8332895E-03
-89.9000E-06,+48.7082193E-03,+2.7866922E-03
-89.8000E-06,+48.7239904E-03,+3.1807855E-03
-89.7000E-06,+48.7482721E-03,+2.2897049E-03
-89.6000E-06,+48.8186732E-03,+1.3433214E-03
-89.5000E-06,+48.7829515E-03,+1.0730666E-03
-89.4000E-06,+48.7300395E-03,+1.5916194E-03
-89.3000E-06,+48.7382674E-03,+911.1377E-06
-89.2000E-06,+48.6622128E-03,+1.0793272E-03
-89.1000E-06,+48.6259991E-03,+466.2084E-06
-89.0000E-06,+48.6332717E-03,+1.2324653E-03
-88.9000E-06,+48.6362949E-03,+2.2246253E-03
-88.8000E-06,+48.6379030E-03,+2.9339342E-03
-88.7000E-06,+48.7239933E-03,+2.6289514E-03
-88.6000E-06,+48.6836891E-03,+2.1715446E-03
-88.5000E-06,+48.7529021E-03,+2.1200534E-03
-88.4000E-06,+48.7673433E-03,+1.7039935E-03
-88.3000E-06,+48.7642811E-03,+1.4732332E-03
-88.2000E-06,-39.6187797E-03,+54.1393289E-03
-88.1000E-06,-51.6617769E-03,+99.3761259E-03
-88.0000E-06,-51.9999842E-03,-8.8147718E-03
-87.9000E-06,-51.8672070E-03,-6.2862241E-03
-87.8000E-06,-51.8553464E-03,+18.9742318E-03
-87.7000E-06,-51.8928711E-03,+14.8831850E-03
-87.6000E-06,-51.8059773E-03,+7.9732757E-03
-87.5000E-06,-51.7975136E-03,+10.8033266E-03
-87.4000E-06,-51.7418245E-03,+12.3728633E-03
-87.3000E-06,-51.8326626E-03,+12.1100752E-03
-87.2000E-06,-51.9161180E-03,+11.9652030E-03
-87.1000E-06,-51.9005035E-03,+12.2496374E-03
-87.0000E-06,-51.8852743E-03,+12.8346160E-03
-86.9000E-06,-51.8967904E-03,+13.4409489E-03
-86.8000E-06,-51.8830629E-03,+14.1578919E-03
-86.7000E-06,-51.8762422E-03,+12.8499320E-03
-86.6000E-06,-51.7820785E-03,+13.3978643E-03
-86.5000E-06,-51.7985106E-03,+12.8792775E-03
-86.4000E-06,-51.8043853E-03,+12.7769511E-03
-86.3000E-06,-51.8141509E-03,+12.1061213E-03
-86.2000E-06,-51.7831025E-03,+11.4675301E-03
-86.1000E-06,-51.8121275E-03,+11.9565229E-03
-86.0000E-06,-51.8629922E-03,+11.6251692E-03
-85.9000E-06,-51.9034081E-03,+12.6773094E-03
-85.8000E-06,-51.9323528E-03,+12.2771162E-03
-85.7000E-06,+41.4058858E-03,-53.7902980E-03
-85.6000E-06,+48.5922561E-03,-78.8480063E-03
-85.5000E-06,+48.7843910E-03,+24.9091727E-03
-85.4000E-06,+48.6749353E-03,+21.3426473E-03
-85.3000E-06,+48.6300216E-03,-4.8401959E-03
-85.2000E-06,+48.6786599E-03,-375.7443E-06
-85.1000E-06,+48.7284073E-03,+5.6384195E-03
-85.0000E-06,+48.6778292E-03,+3.6672946E-03
-84.9000E-06,+48.6906371E-03,+2.8494052E-03
-84.8000E-06,+48.7285890E-03,+2.1034244E-03
-84.7000E-06,+48.7605421E-03,+2.1591648E-03
-84.6000E-06,+48.7622597E-03,+1.3603182E-03
-84.5000E-06,+48.7557313E-03,+1.4400194E-03
-84.4000E-06,+48.7179592E-03,+1.0644710E-03
-84.3000E-06,+48.7343100E-03,+78.4220E-06
-84.2000E-06,+48.6659256E-03,+1.3430868E-03
-84.1000E-06,+48.6050955E-03,+1.3463424E-03
-84.0000E-06,+48.6415658E-03,+2.2769835E-03
-83.9000E-06,+48.6689243E-03,+2.1345877E-03
-83.8000E-06,+48.7094246E-03,+1.7317007E-03
-83.7000E-06,+48.6974152E-03,+2.1690752E-03
-83.6000E-06,+48.6593416E-03,+2.2139630E-03
-83.5000E-06,+48.7371352E-03,+2.7613043E-03
-83.4000E-06,+48.7348660E-03,+1.9687897E-03
-83.3000E-06,+48.7462146E-03,+1.7131427E-03
-83.2000E-06,-39.7551880E-03,+54.6856720E-03
-83.1000E-06,-51.6578594E-03,+99.4903699E-03
-83.0000E-06,-51.9176877E-03,-8.5728915E-03
-82.9000E-06,-51.8756382E-03,-7.2448115E-03
-82.8000E-06,-51.8388182E-03,+18.5136288E-03
-82.7000E-06,-51.8450978E-03,+14.9976194E-03
-82.6000E-06,-51.8034725E-03,+9.0699629E-03
-82.5000E-06,-51.7820262E-03,+11.0647689E-03
-82.4000E-06,-51.7999768E-03,+11.8925424E-03
-82.3000E-06,-51.8553771E-03,+11.3511504E-03
-82.2000E-06,-51.9021594E-03,+11.7572023E-03
-82.1000E-06,-51.9325939E-03,+12.3401499E-03
-82.0000E-06,-51.8917921E-03,+13.1747909E-03
-81.9000E-06,-51.9099864E-03,+13.2431104E-03
-81.8000E-06,-51.8683442E-03,+13.7980554E-03
-81.7000E-06,-51.8477994E-03,+13.4335193E-03
-81.6000E-06,-51.7645808E-03,+13.5437400E-03
-81.5000E-06,-51.7695216E-03,+13.3309378E-03
-81.4000E-06,-51.8076000E-03,+12.4912779E-03
-81.3000E-06,-51.7607655E-03,+12.4337810E-03
-81.2000E-06,-51.7703624E-03,+11.9961130E-03
-81.1000E-06,-51.8174136E-03,+11.9305540E-03
-81.0000E-06,-51.8699996E-03,+11.4035680E-03
-80.9000E-06,-51.8991837E-03,+11.5443399E-03
-80.8000E-06,-51.9159330E-03,+12.1634094E-03
-80.7000E-06,+41.4693738E-03,-53.3730626E-03
-80.6000E-06,+48.5513061E-03,-78.3614009E-03
-80.5000E-06,+48.7702241E-03,+24.9151017E-03
-80.4000E-06,+48.6637743E-03,+20.5222921E-03
-80.3000E-06,+48.6733741E-03,-4.7329707E-03
-80.2000E-06,+48.6565412E-03,-262.2632E-06
-80.1000E-06,+48.7184483E-03,+6.3165105E-03
-80.0000E-06,+48.7151799E-03,+3.7081425E-03
-79.9000E-06,+48.6576603E-03,+1.4961475E-03
-79.8000E-06,+48.6746999E-03,+1.8850455E-03
-79.7000E-06,+48.7123527E-03,+2.1258584E-03
-79.6000E-06,+48.7245304E-03,+2.0327698E-03
-79.5000E-06,+48.7519143E-03,+2.0798106E-03
-79.4000E-06,+48.7572559E-03,+1.0452885E-03
-79.3000E-06,+48.7432794E-03,+368.6643E-06
-79.2000E-06,+48.6852446E-03,+881.1159E-06
-79.1000E-06,+48.6824188E-03,+1.5609293E-03
-79.0000E-06,+48.6440564E-03,+1.6975372E-03
-78.9000E-06,+48.6468442E-03,+1.9995577E-03
-78.8000E-06,+48.6832325E-03,+2.2363285E-03
-78.7000E-06,+48.7193487E-03,+2.2068375E-03
-78.6000E-06,+48.7057997E-03,+2.6320614E-03
-78.5000E-06,+48.7025580E-03,+2.1705872E-03
-78.4000E-06,+48.7553660E-03,+1.9175220E-03
-78.3000E-06,+48.7491148E-03,+1.8312554E-03
-78.2000E-06,-39.8996362E-03,+55.2054486E-03
-78.1000E-06,-51.6752051E-03,+100.3009174E-03
-78.0000E-06,-51.9472643E-03,-9.3085844E-03
-77.9000E-06,-51.8344619E-03,-6.9913892E-03
-77.8000E-06,-51.8345593E-03,+18.3443352E-03
-77.7000E-06,-51.7901439E-03,+15.3092256E-03
-77.6000E-06,-51.8305822E-03,+8.7439325E-03
-77.5000E-06,-51.8127046E-03,+10.6386481E-03
-77.4000E-06,-51.8067959E-03,+11.7628303E-03
-77.3000E-06,-51.8748611E-03,+11.6094891E-03
-77.2000E-06,-51.9125085E-03,+12.6485528E-03
-77.1000E-06,-51.8997215E-03,+12.4835811E-03
-77.0000E-06,-51.8747225E-03,+12.8295352E-03
-76.9000E-06,-51.8583765E-03,+13.1437915E-03
-76.8000E-06,-51.8531006E-03,+14.4556762E-03
-76.7000E-06,-51.8169385E-03,+14.1992354E-03
-76.6000E-06,-51.8110902E-03,+13.5537558E-03
-76.5000E-06,-51.7535049E-03,+12.5536932E-03
-76.4000E-06,-51.7599514E-03,+11.8901672E-03
-76.3000E-06,-51.7733896E-03,+11.7903522E-03
-76.2000E-06,-51.7825108E-03,+12.1041640E-03
-76.1000E-06,-51.8293991E-03,+11.8038384E-03
-76.0000E-06,-51.8845583E-03,+12.0517882E-03
-75.9000E-06,-51.9480688E-03,+12.2568875E-03
-75.8000E-06,-51.9084875E-03,+12.6969181E-03
-75.7000E-06,+41.4993982E-03,-53.5622806E-03
-75.6000E-06,+48.5775205E-03,-79.0412335E-03
-75.5000E-06,+48.8459513E-03,+24.9612714E-03
-75.4000E-06,+48.6814491E-03,+20.7754902E-03
-75.3000E-06,+48.6840883E-03,-4.0774075E-03
-75.2000E-06,+48.6760568E-03,-693.4093E-06
-75.1000E-06,+48.6865791E-03,+5.0613082E-03
-75.0000E-06,+48.6688224E-03,+2.9720059E-03
-74.9000E-06,+48.6109940E-03,+2.2121500E-03
-74.8000E-06,+48.6866008E-03,+3.4996019E-03
-74.7000E-06,+48.7119515E-03,+2.8338445E-03
-74.6000E-06,+48.7580549E-03,+2.0356847E-03
-74.5000E-06,+48.7709206E-03,+919.9031E-06
-74.4000E-06,+48.7968091E-03,+913.3578E-06
-74.3000E-06,+48.7930670E-03,+893.1296E-06
-74.2000E-06,+48.7066608E-03,+731.6151E-06
-74.1000E-06,+48.6531223E-03,+1.0088326E-03
-74.0000E-06,+48.6263520E-03,+1.2243827E-03
-73.9000E-06,+48.6919638E-03,+2.4535747E-03
-73.8000E-06,+48.7086810E-03,+2.5468819E-03
-73.7000E-06,+48.6747768E-03,+2.7629262E-03
-73.6000E-06,+48.7121824E-03,+2.0047699E-03
-73.5000E-06,+48.7260533E-03,+2.2666844E-03
-73.4000E-06,+48.7499789E-03,+1.9653927E-03
-73.3000E-06,+48.7654608E-03,+2.2841328E-03
-73.2000E-06,-39.9480309E-03,+55.5238024E-03
-73.1000E-06,-51.6378418E-03,+99.3882757E-03
-73.0000E-06,-51.9447686E-03,-9.0130825E-03
-72.9000E-06,-51.8624444E-03,-7.1085390E-03
-72.8000E-06,-51.7994108E-03,+18.6744918E-03
-72.7000E-06,-51.8282997E-03,+14.4894505E-03
-72.6000E-06,-51.7970212E-03,+8.4042710E-03
-72.5000E-06,-51.7822752E-03,+10.3078435E-03
-72.4000E-06,-51.8034026E-03,+11.8819919E-03
-72.3000E-06,-51.8880673E-03,+11.9566751E-03
-72.2000E-06,-51.9222549E-03,+11.9248244E-03
-72.1000E-06,-51.9118242E-03,+12.7394360E-03
-72.0000E-06,-51.9216423E-03,+13.0778898E-03
-71.9000E-06,-51.8389501E-03,+13.9412775E-03
-71.8000E-06,-51.8826911E-03,+14.0314416E-03
-71.7000E-06,-51.7886323E-03,+13.2028938E-03
-71.6000E-06,-51.8019126E-03,+13.1079419E-03
-71.5000E-06,-51.7862163E-03,+12.2220704E-03
-71.4000E-06,-51.8317861E-03,+12.3110681E-03
-71.3000E-06,-51.7926841E-03,+11.9129749E-03
-71.2000E-06,-51.7995365E-03,+11.7209696E-03
-71.1000E-06,-51.8498270E-03,+11.5065013E-03
-71.0000E-06,-51.8644544E-03,+12.3705283E-03
-70.9000E-06,-51.8735507E-03,+12.5962878E-03
-70.8000E-06,-51.8506482E-03,+12.4858755E-03
-70.7000E-06,+41.5852035E-03,-54.4005284E-03
-70.6000E-06,+48.5906472E-03,-79.3735616E-03
-70.5000E-06,+48.8135168E-03,+25.1511956E-03
-70.4000E-06,+48.6315440E-03,+20.7652781E-03
-70.3000E-06,+48.6362847E-03,-4.3114972E-03
-70.2000E-06,+48.6437096E-03,-604.9601E-06
-70.1000E-06,+48.6754694E-03,+5.2249705E-03
-70.0000E-06,+48.7059942E-03,+3.5695530E-03
-69.9000E-06,+48.6431735E-03,+2.2209162E-03
-69.8000E-06,+48.6966936E-03,+2.6730107E-03
-69.7000E-06,+48.7084130E-03,+1.9894954E-03
-69.6000E-06,+48.7487922E-03,+1.6690549E-03
-69.5000E-06,+48.7409826E-03,+1.5569856E-03
-69.4000E-06,+48.7711780E-03,+1.1316662E-03
-69.3000E-06,+48.7689129E-03,+1.3133747E-03
-69.2000E-06,+48.6710885E-03,+1.2248289E-03
-69.1000E-06,+48.6702889E-03,+1.2157966E-03
-69.0000E-06,+48.5931737E-03,+1.2735509E-03
-68.9000E-06,+48.6741074E-03,+1.8051823E-03
-68.8000E-06,+48.6731120E-03,+1.8586677E-03
-68.7000E-06,+48.6821025E-03,+1.9449655E-03
-68.6000E-06,+48.6974461E-03,+2.1396735E-03
-68.5000E-06,+48.6923524E-03,+2.3649797E-03
-68.4000E-06,+48.7746540E-03,+2.5360239E-03
-68.3000E-06,+48.7545479E-03,+1.9341940E-03
-68.2000E-06,-40.0277063E-03,+55.8177900E-03
-68.1000E-06,-51.6181505E-03,+99.0477356E-03
-68.0000E-06,-51.9189304E-03,-9.1778915E-03
-67.9000E-06,-51.8801360E-03,-7.5287902E-03
-67.8000E-06,-51.8348893E-03,+17.8123492E-03
-67.7000E-06,-51.8239044E-03,+14.7446928E-03
-67.6000E-06,-51.8563710E-03,+8.4506654E-03
-67.5000E-06,-51.7778276E-03,+11.2319549E-03
-67.4000E-06,-51.8450797E-03,+11.9006390E-03
-67.3000E-06,-51.8525434E-03,+12.0720328E-03
-67.2000E-06,-51.8508420E-03,+12.2857565E-03
-67.1000E-06,-51.9123933E-03,+12.1911010E-03
-67.0000E-06,-51.8525383E-03,+13.4257331E-03
-66.9000E-06,-51.8736996E-03,+13.1126799E-03
-66.8000E-06,-51.8821619E-03,+13.6853918E-03
-66.7000E-06,-51.8453335E-03,+13.1217225E-03
-66.6000E-06,-51.8417404E-03,+13.3858876E-03
-66.5000E-06,-51.7719556E-03,+13.3334331E-03
-66.4000E-06,-51.7977513E-03,+12.4639397E-03
-66.3000E-06,-51.7889258E-03,+12.5918405E-03
-66.2000E-06,-51.7861388E-03,+12.3775072E-03
-66.1000E-06,-51.8534608E-03,+12.1462760E-03
-66.0000E-06,-51.8477986E-03,+11.7653170E-03
-65.9000E-06,-51.8662316E-03,+11.7551807E-03
-65.8000E-06,-51.8918063E-03,+12.3706464E-03
-65.7000E-06,+41.5747570E-03,-54.1641176E-03
-65.6000E-06,+48.5869128E-03,-77.9731771E-03
-65.5000E-06,+48.8310752E-03,+25.3799787E-03
-65.4000E-06,+48.6897578E-03,+20.2918706E-03
-65.3000E-06,+48.6578759E-03,-4.5185402E-03
-65.2000E-06,+48.6251342E-03,-639.0286E-06
-65.1000E-06,+48.7116937E-03,+5.8129853E-03
-65.0000E-06,+48.6773412E-03,+3.5037932E-03
-64.9000E-06,+48.6171077E-03,+2.3821488E-03
-64.8000E-06,+48.7203097E-03,+3.0820293E-03
-64.7000E-06,+48.7307586E-03,+2.6533001E-03
-64.6000E-06,+48.7730472E-03,+2.4305793E-03
-64.5000E-06,+48.7890480E-03,+1.3562531E-03
-64.4000E-06,+48.7619622E-03,+833.9326E-06
-64.3000E-06,+48.7217732E-03,+507.5941E-06
-64.2000E-06,+48.6820580E-03,+1.2478129E-03
-64.1000E-06,+48.6239892E-03,+1.0128825E-03
-64.0000E-06,+48.5884508E-03,+1.6454984E-03
-63.9000E-06,+48.6434410E-03,+2.4271721E-03
-63.8000E-06,+48.6572521E-03,+2.3384736E-03
-63.7000E-06,+48.6915307E-03,+2.7680510E-03
-63.6000E-06,+48.6874377E-03,+2.2461654E-03
-63.5000E-06,+48.7262255E-03,+2.6843432E-03
-63.4000E-06,+48.7778089E-03,+1.3954668E-03
-63.3000E-06,+48.7928652E-03,+1.5328458E-03
-63.2000E-06,-40.1349935E-03,+55.7120517E-03
-63.1000E-06,-51.6390920E-03,+98.9936472E-03
-63.0000E-06,-51.9797013E-03,-9.2372205E-03
-62.9000E-06,-51.8847561E-03,-7.4517176E-03
-62.8000E-06,-51.8342017E-03,+19.1833489E-03
-62.7000E-06,-51.8431336E-03,+15.2066438E-03
-62.6000E-06,-51.8196633E-03,+8.7935411E-03
-62.5000E-06,-51.7233009E-03,+10.4139036E-03
-62.4000E-06,-51.7568486E-03,+11.6625600E-03
-62.3000E-06,-51.8706960E-03,+11.7721041E-03
-62.2000E-06,-51.9180230E-03,+12.3657846E-03
-62.1000E-06,-51.9383433E-03,+12.7257912E-03
-62.0000E-06,-51.8883001E-03,+13.0342987E-03
-61.9000E-06,-51.8767461E-03,+13.1330910E-03
-61.8000E-06,-51.8627831E-03,+14.0124409E-03
-61.7000E-06,-51.8192427E-03,+13.5779208E-03
-61.6000E-06,-51.7745567E-03,+13.5484755E-03
-61.5000E-06,-51.7569858E-03,+12.5231303E-03
-61.4000E-06,-51.7857937E-03,+11.3166555E-03
-61.3000E-06,-51.8256635E-03,+11.8291044E-03
-61.2000E-06,-51.7913092E-03,+11.5741344E-03
-61.1000E-06,-51.8523573E-03,+12.6768087E-03
-61.0000E-06,-51.8926482E-03,+12.0614702E-03
-60.9000E-06,-51.8879258E-03,+12.6963640E-03
-60.8000E-06,-51.8776771E-03,+12.6467011E-03
-60.7000E-06,+41.6766627E-03,-54.8765638E-03
-60.6000E-06,+48.6096454E-03,-78.7124125E-03
-60.5000E-06,+48.7827953E-03,+24.4400477E-03
-60.4000E-06,+48.6769802E-03,+20.9656504E-03
-60.3000E-06,+48.6507142E-03,-4.7314477E-03
-60.2000E-06,+48.6563666E-03,-70.6611E-06
-60.1000E-06,+48.6790444E-03,+5.3620944E-03
-60.0000E-06,+48.7387487E-03,+4.0663114E-03
-59.9000E-06,+48.6501851E-03,+2.5707398E-03
-59.8000E-06,+48.7654628E-03,+2.8053736E-03
-59.7000E-06,+48.7561396E-03,+2.3717219E-03
-59.6000E-06,+48.7204042E-03,+1.7130611E-03
-59.5000E-06,+48.7597863E-03,+1.6435118E-03
-59.4000E-06,+48.7329843E-03,+403.9076E-06
-59.3000E-06,+48.7567530E-03,+480.3013E-06
-59.2000E-06,+48.6827347E-03,+1.3600016E-03
-59.1000E-06,+48.6278048E-03,+1.8567740E-03
-59.0000E-06,+48.6463866E-03,+2.2923778E-03
-58.9000E-06,+48.6919122E-03,+1.6986346E-03
-58.8000E-06,+48.6822065E-03,+2.1488117E-03
-58.7000E-06,+48.6766249E-03,+1.5791363E-03
-58.6000E-06,+48.7224038E-03,+2.9673824E-03
-58.5000E-06,+48.7148970E-03,+3.0468878E-03
-58.4000E-06,+48.7543961E-03,+2.5080518E-03
-58.3000E-06,+48.7626798E-03,+2.0688255E-03
-58.2000E-06,-40.2353196E-03,+55.4798489E-03
-58.1000E-06,-51.6426817E-03,+99.6841935E-03
-58.0000E-06,-51.9583547E-03,-8.9992770E-03
-57.9000E-06,-51.8705753E-03,-6.9459584E-03
-57.8000E-06,-51.8208139E-03,+18.3335908E-03
-57.7000E-06,-51.7906249E-03,+15.2799765E-03
-57.6000E-06,-51.8195742E-03,+9.2080095E-03
-57.5000E-06,-51.7735986E-03,+11.0405557E-03
-57.4000E-06,-51.8308959E-03,+11.9380757E-03
-57.3000E-06,-51.8583517E-03,+10.9035712E-03
-57.2000E-06,-51.8295285E-03,+12.6205641E-03
-57.1000E-06,-51.9444465E-03,+13.0055642E-03
-57.0000E-06,-51.8773263E-03,+13.9019015E-03
-56.9000E-06,-51.8571557E-03,+13.6401385E-03
-56.8000E-06,-51.8976257E-03,+12.6814492E-03
-56.7000E-06,-51.8263819E-03,+12.7763787E-03
-56.6000E-06,-51.8702046E-03,+12.9689070E-03
-56.5000E-06,-51.7763434E-03,+13.8006456E-03
-56.4000E-06,-51.7540665E-03,+12.9193888E-03
-56.3000E-06,-51.7532176E-03,+12.1901948E-03
-56.2000E-06,-51.8023570E-03,+11.4502552E-03
-56.1000E-06,-51.8533557E-03,+11.4735783E-03
-56.0000E-06,-51.8849771E-03,+11.8746679E-03
-55.9000E-06,-51.8504868E-03,+12.5484367E-03
-55.8000E-06,-51.8729769E-03,+12.7396145E-03
-55.7000E-06,+41.6462579E-03,-54.7631934E-03
-55.6000E-06,+48.6081095E-03,-78.7967131E-03
-55.5000E-06,+48.7969885E-03,+25.0465460E-03
-55.4000E-06,+48.6903427E-03,+20.9490231E-03
-55.3000E-06,+48.6308280E-03,-4.7972074E-03
-55.2000E-06,+48.6365272E-03,-728.6748E-06
-55.1000E-06,+48.7017277E-03,+4.9890737E-03
-55.0000E-06,+48.7103203E-03,+3.1629868E-03
-54.9000E-06,+48.6223980E-03,+2.3551732E-03
-54.8000E-06,+48.6934239E-03,+2.8776159E-03
-54.7000E-06,+48.7624113E-03,+2.3530392E-03
-54.6000E-06,+48.7619875E-03,+1.6460350E-03
-54.5000E-06,+48.7949782E-03,+1.2677464E-03
-54.4000E-06,+48.7670251E-03,+694.5165E-06
-54.3000E-06,+48.7202255E-03,+348.5188E-06
-54.2000E-06,+48.6861429E-03,+881.4595E-06
-54.1000E-06,+48.6621434E-03,+1.4860374E-03
-54.0000E-06,+48.6035396E-03,+1.9308624E-03
-53.9000E-06,+48.6322182E-03,+2.1403571E-03
-53.8000E-06,+48.6968416E-03,+1.9256759E-03
-53.7000E-06,+48.6945917E-03,+2.3764763E-03
-53.6000E-06,+48.7292084E-03,+2.1131728E-03
-53.5000E-06,+48.7299775E-03,+2.3024903E-03
-53.4000E-06,+48.7261085E-03,+1.7692400E-03
-53.3000E-06,+48.8121182E-03,+2.1107771E-03
-53.2000E-06,-40.2856356E-03,+55.4642880E-03
-53.1000E-06,-51.6552180E-03,+98.7259297E-03
-53.0000E-06,-51.9668109E-03,-9.3575642E-03
-52.9000E-06,-51.9020769E-03,-7.2287619E-03
-52.8000E-06,-51.7846144E-03,+18.7720977E-03
-52.7000E-06,-51.8143695E-03,+15.1529001E-03
-52.6000E-06,-51.8411022E-03,+9.5033703E-03
-52.5000E-06,-51.7407411E-03,+11.0558250E-03
-52.4000E-06,-51.7896098E-03,+11.5641762E-03
-52.3000E-06,-51.8655920E-03,+10.6926270E-03
-52.2000E-06,-51.8950790E-03,+11.3040283E-03
-52.1000E-06,-51.9324068E-03,+12.7957566E-03
-52.0000E-06,-51.9129463E-03,+13.4480248E-03
-51.9000E-06,-51.8743200E-03,+13.8006103E-03
-51.8000E-06,-51.8903541E-03,+13.7434103E-03
-51.7000E-06,-51.8189668E-03,+13.6387523E-03
-51.6000E-06,-51.7599102E-03,+13.3653845E-03
-51.5000E-06,-51.7637054E-03,+13.7321444E-03
-51.4000E-06,-51.8104732E-03,+12.0726185E-03
-51.3000E-06,-51.7825763E-03,+12.4501378E-03
-51.2000E-06,-51.7980924E-03,+11.9794475E-03
-51.1000E-06,-51.8323507E-03,+12.6415220E-03
-51.0000E-06,-51.9032742E-03,+11.9777859E-03
-50.9000E-06,-51.9294906E-03,+11.9791866E-03
-50.8000E-06,-51.8978627E-03,+12.2490384E-03
-50.7000E-06,+41.7040975E-03,-54.9621395E-03
-50.6000E-06,+48.5851959E-03,-77.6326402E-03
-50.5000E-06,+48.8132871E-03,+25.8391965E-03
-50.4000E-06,+48.7152529E-03,+21.1840778E-03
-50.3000E-06,+48.6787359E-03,-4.7232237E-03
-50.2000E-06,+48.6863769E-03,-441.6239E-06
-50.1000E-06,+48.6559486E-03,+5.6030451E-03
-50.0000E-06,+48.6818952E-03,+3.3487515E-03
-49.9000E-06,+48.6883444E-03,+2.2026154E-03
-49.8000E-06,+48.7094006E-03,+2.5483418E-03
-49.7000E-06,+48.7036297E-03,+2.3333236E-03
-49.6000E-06,+48.7332372E-03,+2.0825794E-03
-49.5000E-06,+48.7636615E-03,+1.6042450E-03
-49.4000E-06,+48.7515138E-03,+1.0302165E-03
-49.3000E-06,+48.7252568E-03,+803.7570E-06
-49.2000E-06,+48.7063184E-03,+1.5490255E-03
-49.1000E-06,+48.6416072E-03,+1.5716565E-03
-49.0000E-06,+48.6581086E-03,+1.6836356E-03
-48.9000E-06,+48.6796496E-03,+2.1992811E-03
-48.8000E-06,+48.6291394E-03,+2.2698038E-03
-48.7000E-06,+48.6594236E-03,+2.7632088E-03
-48.6000E-06,+48.7321768E-03,+2.4290112E-03
-48.5000E-06,+48.7731039E-03,+2.4552971E-03
-48.4000E-06,+48.7361348E-03,+1.7411120E-03
-48.3000E-06,+48.7611637E-03,+2.2290768E-03
-48.2000E-06,-40.4036900E-03,+56.5135014E-03
-48.1000E-06,-51.6084874E-03,+99.1264593E-03
-48.0000E-06,-51.9164922E-03,-9.3935886E-03
-47.9000E-06,-51.9139954E-03,-7.6987772E-03
-47.8000E-06,-51.7932895E-03,+18.4098270E-03
-47.7000E-06,-51.8024546E-03,+15.1221203E-03
-47.6000E-06,-51.8063022E-03,+9.3519365E-03
-47.5000E-06,-51.8216936E-03,+10.9659075E-03
-47.4000E-06,-51.8324780E-03,+11.6424860E-03
-47.3000E-06,-51.8432051E-03,+11.1033666E-03
-47.2000E-06,-51.8714646E-03,+11.7523502E-03
-47.1000E-06,-51.9369201E-03,+12.7403529E-03
-47.0000E-06,-51.9180406E-03,+12.9125224E-03
-46.9000E-06,-51.8956911E-03,+13.3782450E-03
-46.8000E-06,-51.8237030E-03,+13.4648265E-03
-46.7000E-06,-51.8439192E-03,+13.0359480E-03
-46.6000E-06,-51.8102219E-03,+12.7627895E-03
-46.5000E-06,-51.7659047E-03,+12.3713342E-03
-46.4000E-06,-51.7580238E-03,+12.1979838E-03
-46.3000E-06,-51.7403569E-03,+12.1289876E-03
-46.2000E-06,-51.8286659E-03,+12.0156400E-03
-46.1000E-06,-51.9013109E-03,+11.7050305E-03
-46.0000E-06,-51.8746195E-03,+11.6193380E-03
-45.9000E-06,-51.8914323E-03,+11.8003428E-03
-45.8000E-06,-51.9050104E-03,+12.3361040E-03
-45.7000E-06,+41.7789809E-03,-54.7425568E-03
-45.6000E-06,+48.5883528E-03,-78.2523719E-03
-45.5000E-06,+48.8435966E-03,+24.8246973E-03
-45.4000E-06,+48.6990330E-03,+19.9689248E-03
-45.3000E-06,+48.6235728E-03,-5.3254375E-03
-45.2000E-06,+48.6270632E-03,-353.1222E-06
-45.1000E-06,+48.6786143E-03,+5.6723324E-03
-45.0000E-06,+48.6821316E-03,+3.3747422E-03
-44.9000E-06,+48.6170980E-03,+2.2043282E-03
-44.8000E-06,+48.6664963E-03,+2.2143714E-03
-44.7000E-06,+48.7043932E-03,+2.0282114E-03
-44.6000E-06,+48.7772060E-03,+1.8358044E-03
-44.5000E-06,+48.7945442E-03,+1.4047181E-03
-44.4000E-06,+48.7984322E-03,+956.3028E-06
-44.3000E-06,+48.7245985E-03,+671.4557E-06
-44.2000E-06,+48.7109292E-03,+1.3975728E-03
-44.1000E-06,+48.6666263E-03,+1.0779056E-03
-44.0000E-06,+48.6339268E-03,+1.6158417E-03
-43.9000E-06,+48.6294562E-03,+1.6037975E-03
-43.8000E-06,+48.7104529E-03,+2.1537218E-03
-43.7000E-06,+48.7204784E-03,+2.4104106E-03
-43.6000E-06,+48.6632523E-03,+2.3328867E-03
-43.5000E-06,+48.7108041E-03,+2.1898424E-03
-43.4000E-06,+48.7387173E-03,+1.3171240E-03
-43.3000E-06,+48.7839727E-03,+2.0477024E-03
-43.2000E-06,-40.4954573E-03,+56.4758921E-03
-43.1000E-06,-51.6160655E-03,+99.4291498E-03
-43.0000E-06,-51.9011635E-03,-9.5276828E-03
-42.9000E-06,-51.8464840E-03,-7.2149682E-03
-42.8000E-06,-51.8161450E-03,+18.1371761E-03
-42.7000E-06,-51.8331157E-03,+14.8596542E-03
-42.6000E-06,-51.8421231E-03,+8.7492603E-03
-42.5000E-06,-51.8020946E-03,+10.4764503E-03
-42.4000E-06,-51.8263662E-03,+11.8316953E-03
-42.3000E-06,-51.9019350E-03,+11.7878112E-03
-42.2000E-06,-51.9126646E-03,+13.0353131E-03
-42.1000E-06,-51.9054344E-03,+13.4502294E-03
-42.0000E-06,-51.8776150E-03,+13.3521983E-03
-41.9000E-06,-51.8512527E-03,+13.0111097E-03
-41.8000E-06,-51.8369088E-03,+13.4369232E-03
-41.7000E-06,-51.8231821E-03,+13.5532112E-03
-41.6000E-06,-51.8027744E-03,+13.6595784E-03
-41.5000E-06,-51.7882933E-03,+13.3927262E-03
-41.4000E-06,-51.8289777E-03,+11.9485384E-03
-41.3000E-06,-51.8218103E-03,+11.9676844E-03
-41.2000E-06,-51.8321329E-03,+11.6819369E-03
-41.1000E-06,-51.8073906E-03,+12.7669073E-03
-41.0000E-06,-51.8597181E-03,+12.5489610E-03
-40.9000E-06,-51.9019381E-03,+12.4842421E-03
-40.8000E-06,-51.8815196E-03,+12.6101222E-03
-40.7000E-06,+41.7923900E-03,-55.3281004E-03
-40.6000E-06,+48.5406482E-03,-78.1406037E-03
-40.5000E-06,+48.8264426E-03,+25.5531851E-03
-40.4000E-06,+48.7079651E-03,+20.8854856E-03
-40.3000E-06,+48.6506535E-03,-4.7252621E-03
-40.2000E-06,+48.6696586E-03,-377.0092E-06
-40.1000E-06,+48.6570514E-03,+5.4821731E-03
-40.0000E-06,+48.6667658E-03,+3.1926109E-03
-39.9000E-06,+48.6934315E-03,+1.9619246E-03
-39.8000E-06,+48.7200510E-03,+2.7438185E-03
-39.7000E-06,+48.7331344E-03,+2.6151913E-03
-39.6000E-06,+48.7319344E-03,+1.8037864E-03
-39.5000E-06,+48.7674447E-03,+1.9565437E-03
-39.4000E-06,+48.8033732E-03,+800.0555E-06
-39.3000E-06,+48.7380182E-03,+1.1235798E-03
-39.2000E-06,+48.6615225E-03,+746.1351E-06
-39.1000E-06,+48.6490669E-03,+1.0639297E-03
-39.0000E-06,+48.6205670E-03,+535.9217E-06
-38.9000E-06,+48.6471306E-03,+1.6701082E-03
-38.8000E-06,+48.6335574E-03,+2.7005237E-03
-38.7000E-06,+48.6350108E-03,+2.4669288E-03
-38.6000E-06,+48.7288217E-03,+2.8849170E-03
-38.5000E-06,+48.7164649E-03,+2.2564244E-03
-38.4000E-06,+48.7824362E-03,+2.3046670E-03
-38.3000E-06,+48.7804972E-03,+1.8625071E-03
-38.2000E-06,-40.5365115E-03,+56.5947108E-03
-38.1000E-06,-51.6241942E-03,+98.7173703E-03
-38.0000E-06,-51.9344111E-03,-10.1871508E-03
-37.9000E-06,-51.8999544E-03,-7.3085742E-03
-37.8000E-06,-51.8311097E-03,+18.1685155E-03
-37.7000E-06,-51.8055512E-03,+15.4152793E-03
-37.6000E-06,-51.7877456E-03,+8.7783298E-03
-37.5000E-06,-51.7782590E-03,+10.6485737E-03
-37.4000E-06,-51.8423111E-03,+12.0962216E-03
-37.3000E-06,-51.8669476E-03,+11.5595254E-03
-37.2000E-06,-51.8619716E-03,+12.3118127E-03
-37.1000E-06,-51.9400039E-03,+12.4092815E-03
-37.0000E-06,-51.9036406E-03,+12.8879752E-03
-36.9000E-06,-51.9279476E-03,+13.0356010E-03
-36.8000E-06,-51.8598663E-03,+13.4340690E-03
-36.7000E-06,-51.8551578E-03,+13.9248679E-03
-36.6000E-06,-51.8239630E-03,+13.3975740E-03
-36.5000E-06,-51.7677782E-03,+13.1766281E-03
-36.4000E-06,-51.7497715E-03,+12.3194617E-03
-36.3000E-06,-51.7237377E-03,+11.8685418E-03
-36.2000E-06,-51.8383099E-03,+12.4277497E-03
-36.1000E-06,-51.8588238E-03,+11.4805706E-03
-36.0000E-06,-51.8774766E-03,+12.0965603E-03
-35.9000E-06,-51.8949831E-03,+12.1528036E-03
-35.8000E-06,-51.8665307E-03,+12.6938917E-03
-35.7000E-06,+41.8825928E-03,-55.2254391E-03
-35.6000E-06,+48.6004718E-03,-78.3355217E-03
-35.5000E-06,+48.8402998E-03,+24.9748844E-03
-35.4000E-06,+48.6516557E-03,+20.4679673E-03
-35.3000E-06,+48.6407229E-03,-4.3930619E-03
-35.2000E-06,+48.6285160E-03,-483.1543E-06
-35.1000E-06,+48.6602201E-03,+5.5897647E-03
-35.0000E-06,+48.6753487E-03,+3.8156689E-03
-34.9000E-06,+48.6548362E-03,+2.5809674E-03
-34.8000E-06,+48.6901218E-03,+3.2484203E-03
-34.7000E-06,+48.7284857E-03,+2.3024650E-03
-34.6000E-06,+48.7496378E-03,+1.3240666E-03
-34.5000E-06,+48.7636227E-03,+1.0826849E-03
-34.4000E-06,+48.7876214E-03,+954.1194E-06
-34.3000E-06,+48.7556163E-03,+1.6337990E-03
-34.2000E-06,+48.6670721E-03,+1.3031314E-03
-34.1000E-06,+48.6299623E-03,+1.5510985E-03
-34.0000E-06,+48.6325929E-03,+1.2774138E-03
-33.9000E-06,+48.6191231E-03,+2.1349226E-03
-33.8000E-06,+48.6747128E-03,+2.8695645E-03
-33.7000E-06,+48.6892198E-03,+2.6914888E-03
-33.6000E-06,+48.7069229E-03,+2.3113415E-03
-33.5000E-06,+48.7342597E-03,+1.9682574E-03
-33.4000E-06,+48.7651934E-03,+2.0895006E-03
-33.3000E-06,+48.7494733E-03,+2.2171599E-03
-33.2000E-06,-40.6251113E-03,+57.1818779E-03
-33.1000E-06,-51.6370865E-03,+99.0938374E-03
-33.0000E-06,-51.9420314E-03,-9.3914170E-03
-32.9000E-06,-51.8890276E-03,-7.1470455E-03
-32.8000E-06,-51.8227574E-03,+18.5270257E-03
-32.7000E-06,-51.8483045E-03,+15.1698130E-03
-32.6000E-06,-51.8172217E-03,+8.5130315E-03
-32.5000E-06,-51.7430747E-03,+10.9033687E-03
-32.4000E-06,-51.8436454E-03,+12.0344945E-03
-32.3000E-06,-51.8947772E-03,+11.9942688E-03
-32.2000E-06,-51.8953846E-03,+12.3477690E-03
-32.1000E-06,-51.9254991E-03,+12.6496834E-03
-32.0000E-06,-51.9261406E-03,+13.1248271E-03
-31.9000E-06,-51.9273829E-03,+13.8617730E-03
-31.8000E-06,-51.8413102E-03,+14.2618062E-03
-31.7000E-06,-51.8300438E-03,+13.3066823E-03
-31.6000E-06,-51.8010338E-03,+12.7834254E-03
-31.5000E-06,-51.8116054E-03,+12.8640615E-03
-31.4000E-06,-51.8079992E-03,+12.9119672E-03
-31.3000E-06,-51.8189860E-03,+12.4928440E-03
-31.2000E-06,-51.7821302E-03,+12.2814984E-03
-31.1000E-06,-51.8559317E-03,+11.5021993E-03
-31.0000E-06,-51.8727959E-03,+11.7406630E-03
-30.9000E-06,-51.8899178E-03,+12.3311434E-03
-30.8000E-06,-51.9120878E-03,+12.7441941E-03
-30.7000E-06,+41.8856596E-03,-55.8463561E-03
-30.6000E-06,+48.5779023E-03,-78.4218048E-03
-30.5000E-06,+48.8084638E-03,+25.4943747E-03
-30.4000E-06,+48.7132766E-03,+20.7137463E-03
-30.3000E-06,+48.6804458E-03,-4.4112487E-03
-30.2000E-06,+48.6592952E-03,-666.2035E-06
-30.1000E-06,+48.6664993E-03,+5.0326610E-03
-30.0000E-06,+48.6581575E-03,+3.1913643E-03
-29.9000E-06,+48.6677159E-03,+2.3413359E-03
-29.8000E-06,+48.7041432E-03,+2.9153488E-03
-29.7000E-06,+48.6986029E-03,+1.9788220E-03
-29.6000E-06,+48.7370587E-03,+1.6013349E-03
-29.5000E-06,+48.7840305E-03,+1.6640505E-03
-29.4000E-06,+48.7742069E-03,+1.1987769E-03
-29.3000E-06,+48.7211703E-03,+757.9278E-06
-29.2000E-06,+48.7025212E-03,+450.6603E-06
-29.1000E-06,+48.6682078E-03,+992.7871E-06
-29.0000E-06,+48.6494598E-03,+1.5433278E-03
-28.9000E-06,+48.6290666E-03,+2.3858149E-03
-28.8000E-06,+48.6727230E-03,+2.0774765E-03
-28.7000E-06,+48.6991462E-03,+1.6273363E-03
-28.6000E-06,+48.7104793E-03,+1.8435728E-03
-28.5000E-06,+48.7259148E-03,+2.6549693E-03
-28.4000E-06,+48.7423669E-03,+3.0952765E-03
-28.3000E-06,+48.7730608E-03,+2.3248056E-03
-28.2000E-06,-40.6552068E-03,+56.8128469E-03
-28.1000E-06,-51.6366841E-03,+97.7504329E-03
-28.0000E-06,-51.9218415E-03,-9.3534312E-03
-27.9000E-06,-51.9027057E-03,-6.7355736E-03
-27.8000E-06,-51.8107329E-03,+19.0758549E-03
-27.7000E-06,-51.8320584E-03,+14.2450396E-03
-27.6000E-06,-51.7916793E-03,+8.1479468E-03
-27.5000E-06,-51.7763551E-03,+10.5522242E-03
-27.4000E-06,-51.7921518E-03,+12.0102211E-03
-27.3000E-06,-51.8133916E-03,+11.8595182E-03
-27.2000E-06,-51.8741880E-03,+11.5026547E-03
-27.1000E-06,-51.9139183E-03,+12.6494901E-03
-27.0000E-06,-51.9344752E-03,+12.8981450E-03
-26.9000E-06,-51.8710864E-03,+14.0401465E-03
-26.8000E-06,-51.8780683E-03,+13.7421385E-03
-26.7000E-06,-51.8630415E-03,+12.8300555E-03
-26.6000E-06,-51.8189274E-03,+13.5575079E-03
-26.5000E-06,-51.8195838E-03,+13.2489306E-03
-26.4000E-06,-51.7481552E-03,+13.1212875E-03
-26.3000E-06,-51.7819710E-03,+11.5563111E-03
-26.2000E-06,-51.8041107E-03,+10.7654529E-03
-26.1000E-06,-51.8504661E-03,+11.4527860E-03
-26.0000E-06,-51.8812286E-03,+12.5448064E-03
-25.9000E-06,-51.9015516E-03,+13.7107749E-03
-25.8000E-06,-51.9001964E-03,+12.5345952E-03
-25.7000E-06,+41.9321144E-03,-56.4971683E-03
-25.6000E-06,+48.6426815E-03,-79.0658064E-03
-25.5000E-06,+48.8168027E-03,+25.2912607E-03
-25.4000E-06,+48.6969767E-03,+21.2685311E-03
-25.3000E-06,+48.6050019E-03,-4.3034727E-03
-25.2000E-06,+48.6456352E-03,-240.7386E-06
-25.1000E-06,+48.7103930E-03,+5.2378203E-03
-25.0000E-06,+48.7063234E-03,+3.7523776E-03
-24.9000E-06,+48.6854950E-03,+2.1657512E-03
-24.8000E-06,+48.6774929E-03,+2.4963301E-03
-24.7000E-06,+48.6887157E-03,+2.4287155E-03
-24.6000E-06,+48.7551917E-03,+2.1531347E-03
-24.5000E-06,+48.8105881E-03,+1.9168872E-03
-24.4000E-06,+48.7801574E-03,+862.1083E-06
-24.3000E-06,+48.7384167E-03,+210.9456E-06
-24.2000E-06,+48.6979797E-03,+284.1602E-06
-24.1000E-06,+48.6468264E-03,+1.1142077E-03
-24.0000E-06,+48.6259299E-03,+2.2301034E-03
-23.9000E-06,+48.6191886E-03,+2.2241829E-03
-23.8000E-06,+48.6930889E-03,+2.1953865E-03
-23.7000E-06,+48.7407227E-03,+1.6134882E-03
-23.6000E-06,+48.6773233E-03,+1.9682006E-03
-23.5000E-06,+48.7144411E-03,+2.4632875E-03
-23.4000E-06,+48.7360175E-03,+2.0408105E-03
-23.3000E-06,+48.7687934E-03,+1.9257164E-03
-23.2000E-06,-40.7907126E-03,+56.8599035E-03
-23.1000E-06,-51.6952670E-03,+98.8839385E-03
-23.0000E-06,-51.9306607E-03,-9.4503189E-03
-22.9000E-06,-51.8577226E-03,-6.3764047E-03
-22.8000E-06,-51.7819053E-03,+18.2570216E-03
-22.7000E-06,-51.8614433E-03,+14.5674562E-03
-22.6000E-06,-51.8291493E-03,+9.0506385E-03
-22.5000E-06,-51.8059302E-03,+10.7787175E-03
-22.4000E-06,-51.8566189E-03,+12.0726513E-03
-22.3000E-06,-51.8591069E-03,+11.2014094E-03
-22.2000E-06,-51.8792063E-03,+11.9169459E-03
-22.1000E-06,-51.9063798E-03,+12.2990479E-03
-22.0000E-06,-51.8999174E-03,+12.8868924E-03
-21.9000E-06,-51.8827507E-03,+13.2473568E-03
-21.8000E-06,-51.8281129E-03,+13.6999077E-03
-21.7000E-06,-51.8553599E-03,+13.9202017E-03
-21.6000E-06,-51.8123465E-03,+13.5757556E-03
-21.5000E-06,-51.7748119E-03,+13.2143470E-03
-21.4000E-06,-51.7771676E-03,+12.1151254E-03
-21.3000E-06,-51.7765229E-03,+11.8695666E-03
-21.2000E-06,-51.8137851E-03,+11.8867702E-03
-21.1000E-06,-51.8369595E-03,+11.8165756E-03
-21.0000E-06,-51.8816169E-03,+12.0101327E-03
-20.9000E-06,-51.8963395E-03,+11.9658128E-03
-20.8000E-06,-51.8836405E-03,+12.1350160E-03
-20.7000E-06,+41.9247488E-03,-56.4390524E-03
-20.6000E-06,+48.6011502E-03,-77.9620945E-03
-20.5000E-06,+48.8139381E-03,+26.0682917E-03
-20.4000E-06,+48.6834602E-03,+20.7119527E-03
-20.3000E-06,+48.6171377E-03,-4.8331840E-03
-20.2000E-06,+48.6580700E-03,-981.2082E-06
-20.1000E-06,+48.6686647E-03,+5.3078744E-03
-20.0000E-06,+48.6628010E-03,+3.5693975E-03
-19.9000E-06,+48.7223906E-03,+2.4832602E-03
-19.8000E-06,+48.7215518E-03,+2.4245275E-03
-19.7000E-06,+48.7262872E-03,+2.0525117E-03
-19.6000E-06,+48.7450219E-03,+2.2619666E-03
-19.5000E-06,+48.7623968E-03,+1.6745874E-03
-19.4000E-06,+48.7725707E-03,+1.5422654E-03
-19.3000E-06,+48.7074470E-03,+1.0304244E-03
-19.2000E-06,+48.6871479E-03,+784.0410E-06
-19.1000E-06,+48.6575277E-03,+806.1657E-06
-19.0000E-06,+48.7096060E-03,+1.4061326E-03
-18.9000E-06,+48.6478261E-03,+1.6810329E-03
-18.8000E-06,+48.6960804E-03,+2.3318449E-03
-18.7000E-06,+48.7236434E-03,+2.6321045E-03
-18.6000E-06,+48.7096060E-03,+2.4330316E-03
-18.5000E-06,+48.7559947E-03,+2.6713336E-03
-18.4000E-06,+48.7247289E-03,+2.0637275E-03
-18.3000E-06,+48.7783492E-03,+2.4587794E-03
-18.2000E-06,-40.8134153E-03,+57.7244252E-03
-18.1000E-06,-51.6819579E-03,+98.8895764E-03
-18.0000E-06,-51.9327867E-03,-9.7714368E-03
-17.9000E-06,-51.9143572E-03,-7.2968158E-03
-17.8000E-06,-51.7952529E-03,+18.5922300E-03
-17.7000E-06,-51.7895367E-03,+15.0073350E-03
-17.6000E-06,-51.7443106E-03,+9.0515849E-03
-17.5000E-06,-51.7867001E-03,+10.8878370E-03
-17.4000E-06,-51.8238259E-03,+11.7701484E-03
-17.3000E-06,-51.8559214E-03,+11.5188204E-03
-17.2000E-06,-51.8892593E-03,+12.2505487E-03
-17.1000E-06,-51.9538542E-03,+13.1836399E-03
-17.0000E-06,-51.9351507E-03,+13.2381068E-03
-16.9000E-06,-51.8647014E-03,+13.1501554E-03
-16.8000E-06,-51.8131341E-03,+13.2789274E-03
-16.7000E-06,-51.8540032E-03,+14.0734660E-03
-16.6000E-06,-51.8034938E-03,+13.9943084E-03
-16.5000E-06,-51.7764641E-03,+13.2679010E-03
-16.4000E-06,-51.7300337E-03,+12.4802675E-03
-16.3000E-06,-51.7282972E-03,+12.1034997E-03
-16.2000E-06,-51.8658211E-03,+12.0489858E-03
-16.1000E-06,-51.8352535E-03,+11.8887332E-03
-16.0000E-06,-51.8574369E-03,+11.8435595E-03
-15.9000E-06,-51.8937331E-03,+12.3072851E-03
-15.8000E-06,-51.8761714E-03,+12.1009859E-03
-15.7000E-06,+42.0207998E-03,-55.6924295E-03
-15.6000E-06,+48.5849283E-03,-77.9718854E-03
-15.5000E-06,+48.8169792E-03,+25.5742163E-03
-15.4000E-06,+48.6569760E-03,+20.4228281E-03
-15.3000E-06,+48.5963302E-03,-4.4425970E-03
-15.2000E-06,+48.6588518E-03,+211.6036E-06
-15.1000E-06,+48.6989762E-03,+5.2785385E-03
-15.0000E-06,+48.7210578E-03,+3.3914941E-03
-14.9000E-06,+48.6754615E-03,+1.5193477E-03
-14.8000E-06,+48.6577409E-03,+2.9683441E-03
-14.7000E-06,+48.7154403E-03,+3.0778635E-03
-14.6000E-06,+48.7759329E-03,+1.7866157E-03
-14.5000E-06,+48.7944759E-03,+1.6258276E-03
-14.4000E-06,+48.7957994E-03,+189.1610E-06
-14.3000E-06,+48.7367064E-03,+1.0768616E-03
-14.2000E-06,+48.7000583E-03,+1.3534814E-03
-14.1000E-06,+48.6471143E-03,+1.2195659E-03
-14.0000E-06,+48.5901630E-03,+1.2037067E-03
-13.9000E-06,+48.6014269E-03,+1.6233996E-03
-13.8000E-06,+48.7315963E-03,+2.2763881E-03
-13.7000E-06,+48.7215916E-03,+2.4633288E-03
-13.6000E-06,+48.6734970E-03,+2.7820386E-03
-13.5000E-06,+48.6858718E-03,+2.5806576E-03
-13.4000E-06,+48.7263722E-03,+1.9134622E-03
-13.3000E-06,+48.7866124E-03,+1.7342793E-03
-13.2000E-06,-40.8767811E-03,+57.5481216E-03
-13.1000E-06,-51.7256521E-03,+98.4428090E-03
-13.0000E-06,-51.9009406E-03,-9.2601159E-03
-12.9000E-06,-51.8652694E-03,-6.7087335E-03
-12.8000E-06,-51.8237016E-03,+18.3287748E-03
-12.7000E-06,-51.8217565E-03,+14.3859193E-03
-12.6000E-06,-51.8487307E-03,+8.6861435E-03
-12.5000E-06,-51.7628189E-03,+11.0556545E-03
-12.4000E-06,-51.8477492E-03,+12.2611684E-03
-12.3000E-06,-51.9229178E-03,+11.6140632E-03
-12.2000E-06,-51.9014942E-03,+11.8635245E-03
-12.1000E-06,-51.9101814E-03,+12.2236277E-03
-12.0000E-06,-51.9803702E-03,+13.1386220E-03
-11.9000E-06,-51.8859163E-03,+14.0213539E-03
-11.8000E-06,-51.8481464E-03,+14.2790252E-03
-11.7000E-06,-51.8643040E-03,+13.4374431E-03
-11.6000E-06,-51.8057942E-03,+13.3807198E-03
-11.5000E-06,-51.7770348E-03,+13.1329447E-03
-11.4000E-06,-51.8027758E-03,+12.5407200E-03
-11.3000E-06,-51.7766998E-03,+12.1006946E-03
-11.2000E-06,-51.8363089E-03,+11.6382096E-03
-11.1000E-06,-51.8493497E-03,+11.8670406E-03
-11.0000E-06,-51.9145030E-03,+11.9466320E-03
-10.9000E-06,-51.9315852E-03,+12.9777475E-03
-10.8000E-06,-51.9280001E-03,+12.2728819E-03
-10.7000E-06,+42.0441332E-03,-56.0970052E-03
-10.6000E-06,+48.5707837E-03,-78.3601456E-03
-10.5000E-06,+48.8287340E-03,+25.4843391E-03
-10.4000E-06,+48.7148883E-03,+20.6457197E-03
-10.3000E-06,+48.6469773E-03,-4.3972172E-03
-10.2000E-06,+48.6501375E-03,-631.9723E-06
-10.1000E-06,+48.6648236E-03,+5.3032836E-03
-10.0000E-06,+48.5932125E-03,+3.2351771E-03
-9.9000E-06,+48.7209262E-03,+2.2332614E-03
-9.8000E-06,+48.6592123E-03,+3.0517205E-03
-9.7000E-06,+48.6987847E-03,+2.6042533E-03
-9.6000E-06,+48.7534911E-03,+2.1451326E-03
-9.5000E-06,+48.7182572E-03,+1.4837460E-03
-9.4000E-06,+48.8120932E-03,+1.0438772E-03
-9.3000E-06,+48.7204249E-03,+521.1860E-06
-9.2000E-06,+48.6773354E-03,+979.9097E-06
-9.1000E-06,+48.7131742E-03,+1.2788766E-03
-9.0000E-06,+48.6907805E-03,+1.1140720E-03
-8.9000E-06,+48.5824825E-03,+2.0357058E-03
-8.8000E-06,+48.6500917E-03,+2.4185059E-03
-8.7000E-06,+48.6754090E-03,+2.6106411E-03
-8.6000E-06,+48.7408100E-03,+2.6202053E-03
-8.5000E-06,+48.7643936E-03,+2.1205701E-03
-8.4000E-06,+48.7166624E-03,+2.3391578E-03
-8.3000E-06,+48.7583591E-03,+1.6842697E-03
-8.2000E-06,-40.8584824E-03,+58.0508614E-03
-8.1000E-06,-51.7453959E-03,+97.7397271E-03
-8.0000E-06,-51.9049798E-03,-9.7816056E-03
-7.9000E-06,-51.8895531E-03,-6.5864921E-03
-7.8000E-06,-51.7930044E-03,+18.1931655E-03
-7.7000E-06,-51.7748726E-03,+14.8464451E-03
-7.6000E-06,-51.7953258E-03,+8.3702921E-03
-7.5000E-06,-51.8495640E-03,+10.9893757E-03
-7.4000E-06,-51.8340839E-03,+12.2360726E-03
-7.3000E-06,-51.8713491E-03,+11.7879802E-03
-7.2000E-06,-51.8699795E-03,+12.2490153E-03
-7.1000E-06,-51.9038545E-03,+12.6756292E-03
-7.0000E-06,-51.9506904E-03,+13.0796574E-03
-6.9000E-06,-51.8274250E-03,+13.0614876E-03
-6.8000E-06,-51.7991002E-03,+13.4359046E-03
-6.7000E-06,-51.9437449E-03,+12.8163574E-03
-6.6000E-06,-51.7899277E-03,+13.6481732E-03
-6.5000E-06,-51.8089501E-03,+12.9147228E-03
-6.4000E-06,-51.7630799E-03,+12.8214886E-03
-6.3000E-06,-51.7099393E-03,+11.9775332E-03
-6.2000E-06,-51.9241880E-03,+11.4692130E-03
-6.1000E-06,-51.8072029E-03,+11.8053351E-03
-6.0000E-06,-51.8433274E-03,+11.3811244E-03
-5.9000E-06,-51.8725301E-03,+12.7587644E-03
-5.8000E-06,-51.8731941E-03,+12.0953532E-03
-5.7000E-06,+42.0709385E-03,-56.7089561E-03
-5.6000E-06,+48.5868412E-03,-77.9576076E-03
-5.5000E-06,+48.8496154E-03,+25.3384498E-03
-5.4000E-06,+48.6731267E-03,+20.6006477E-03
-5.3000E-06,+48.5529741E-03,-4.7638742E-03
-5.2000E-06,+48.7088450E-03,-273.7406E-06
-5.1000E-06,+48.7461816E-03,+5.4960145E-03
-5.0000E-06,+48.6630121E-03,+3.5092476E-03
-4.9000E-06,+48.6577677E-03,+2.5597510E-03
-4.8000E-06,+48.6233647E-03,+2.5133778E-03
-4.7000E-06,+48.7481826E-03,+2.0396889E-03
-4.6000E-06,+48.8199743E-03,+1.2812645E-03
-4.5000E-06,+48.7982160E-03,+2.2384977E-03
-4.4000E-06,+48.8208400E-03,+1.7017368E-03
-4.3000E-06,+48.7228209E-03,+891.6251E-06
-4.2000E-06,+48.6469592E-03,+851.9726E-06
-4.1000E-06,+48.6318299E-03,+706.1059E-06
-4.0000E-06,+48.5930708E-03,+1.1944715E-03
-3.9000E-06,+48.5411477E-03,+2.4945487E-03
-3.8000E-06,+48.7654859E-03,+2.6615813E-03
-3.7000E-06,+48.6441300E-03,+2.4379927E-03
-3.6000E-06,+48.6774252E-03,+2.1227423E-03
-3.5000E-06,+48.7385326E-03,+2.5205955E-03
-3.4000E-06,+48.7193440E-03,+2.4099411E-03
-3.3000E-06,+48.8368568E-03,+2.2640784E-03
-3.2000E-06,-40.8797532E-03,+58.7135884E-03
-3.1000E-06,-51.7389336E-03,+98.1163947E-03
-3.0000E-06,-51.8786872E-03,-9.2576212E-03
-2.9000E-06,-51.8662441E-03,-6.8923443E-03
-2.8000E-06,-51.8592726E-03,+18.2719689E-03
-2.7000E-06,-51.8801854E-03,+14.3281024E-03
-2.6000E-06,-51.8614468E-03,+8.2490436E-03
-2.5000E-06,-51.7521042E-03,+11.4276309E-03
-2.4000E-06,-51.8018788E-03,+12.0281940E-03
-2.3000E-06,-51.9418479E-03,+12.3263885E-03
-2.2000E-06,-51.9019194E-03,+11.7811476E-03
-2.1000E-06,-51.8481497E-03,+12.6490972E-03
-2.0000E-06,-51.9606953E-03,+12.8321719E-03
-1.9000E-06,-51.8498992E-03,+13.7500928E-03
-1.8000E-06,-51.7707234E-03,+13.5794218E-03
-1.7000E-06,-51.9117279E-03,+13.5396034E-03
-1.6000E-06,-51.8112725E-03,+13.3332840E-03
-1.5000E-06,-51.8493470E-03,+12.7193066E-03
-1.4000E-06,-51.8758672E-03,+12.2668859E-03
-1.3000E-06,-51.7413635E-03,+11.9204095E-03
-1.2000E-06,-51.8378245E-03,+12.4556923E-03
-1.1000E-06,-51.8679840E-03,+12.6158946E-03
-1.0000E-06,-51.8660534E-03,+12.7480859E-03
-900.0E-09,-51.9361679E-03,+12.1558911E-03
-800.0E-09,-51.8653157E-03,+12.1718669E-03
-700.0E-09,+42.0691049E-03,-57.2837348E-03
-600.0E-09,+48.5859806E-03,-77.6050140E-03
-500.0E-09,+48.8514466E-03,+25.7680535E-03
-400.0E-09,+48.7031293E-03,+20.6351913E-03
-300.0E-09,+48.6021445E-03,-4.5114068E-03
-200.0E-09,+48.6686656E-03,-439.0064E-06
-100.0E-09,+48.6575919E-03,+5.5593974E-03
+0.0E+00,+48.5970116E-03,+3.6660364E-03
+100.0E-09,+48.8065687E-03,+2.1196869E-03
+200.0E-09,+48.6690515E-03,+2.4224105E-03
+300.0E-09,+48.7196727E-03,+2.1465128E-03
+400.0E-09,+48.7273679E-03,+1.3880149E-03
+500.0E-09,+48.7147931E-03,+1.3520028E-03
+600.0E-09,+48.7862519E-03,+925.1230E-06
+700.0E-09,+48.6737226E-03,+431.8927E-06
+800.0E-09,+48.6499782E-03,+985.8050E-06
+900.0E-09,+48.6981014E-03,+1.2502101E-03
+1.0000E-06,+48.6866470E-03,+1.8762485E-03
+1.1000E-06,+48.5727278E-03,+2.1296270E-03
+1.2000E-06,+48.6338667E-03,+2.4092595E-03
+1.3000E-06,+48.7048689E-03,+2.4861910E-03
+1.4000E-06,+48.7921182E-03,+2.0982919E-03
+1.5000E-06,+48.7612681E-03,+2.1353658E-03
+1.6000E-06,+48.6679295E-03,+1.6531900E-03
+1.7000E-06,+48.7574272E-03,+1.6155240E-03
+1.8000E-06,-40.9929073E-03,+58.2138149E-03
+1.9000E-06,-51.7735735E-03,+97.9943328E-03
+2.0000E-06,-51.8980939E-03,-9.5566114E-03
+2.1000E-06,-51.8658467E-03,-6.7781870E-03
+2.2000E-06,-51.7929382E-03,+18.8622520E-03
+2.3000E-06,-51.7691263E-03,+14.6232214E-03
+2.4000E-06,-51.8352586E-03,+8.2831458E-03
+2.5000E-06,-51.8384525E-03,+10.5874844E-03
+2.6000E-06,-51.7697201E-03,+12.0064835E-03
+2.7000E-06,-51.8644029E-03,+11.6306714E-03
+2.8000E-06,-51.8581043E-03,+12.0869676E-03
+2.9000E-06,-51.8969917E-03,+12.4888445E-03
+3.0000E-06,-51.9885021E-03,+12.7038630E-03
+3.1000E-06,-51.8448542E-03,+13.4618395E-03
+3.2000E-06,-51.8115036E-03,+13.5474078E-03
+3.3000E-06,-51.9165911E-03,+13.8809343E-03
+3.4000E-06,-51.8134917E-03,+13.6583637E-03
+3.5000E-06,-51.7459064E-03,+13.3505171E-03
+3.6000E-06,-51.7595921E-03,+12.3011348E-03
+3.7000E-06,-51.7393082E-03,+11.8456489E-03
+3.8000E-06,-51.9177473E-03,+11.8407425E-03
+3.9000E-06,-51.8307024E-03,+11.5528035E-03
+4.0000E-06,-51.8181612E-03,+11.5631821E-03
+4.1000E-06,-51.8519279E-03,+12.0912476E-03
+4.2000E-06,-51.8792593E-03,+12.4406893E-03
+4.3000E-06,+42.0564512E-03,-56.6932727E-03
+4.4000E-06,+48.5294096E-03,-77.0411614E-03
+4.5000E-06,+48.8291307E-03,+25.5920150E-03
+4.6000E-06,+48.6682562E-03,+20.5501058E-03
+4.7000E-06,+48.5400408E-03,-4.4449500E-03
+4.8000E-06,+48.7159789E-03,+34.3580E-06
+4.9000E-06,+48.7778050E-03,+5.7289835E-03
+5.0000E-06,+48.6401913E-03,+3.4504303E-03
+5.1000E-06,+48.7075111E-03,+2.1744296E-03
+5.2000E-06,+48.6492887E-03,+2.5181297E-03
+5.3000E-06,+48.7306754E-03,+2.1468221E-03
+5.4000E-06,+48.8021665E-03,+1.8717952E-03
+5.5000E-06,+48.7331208E-03,+1.2836760E-03
+5.6000E-06,+48.7989531E-03,+943.8985E-06
+5.7000E-06,+48.6995922E-03,+1.4260994E-03
+5.8000E-06,+48.6267999E-03,+1.1304481E-03
+5.9000E-06,+48.6500844E-03,+1.4887217E-03
+6.0000E-06,+48.6054006E-03,+1.1284577E-03
+6.1000E-06,+48.6559714E-03,+1.7256087E-03
+6.2000E-06,+48.7976299E-03,+2.3667059E-03
+6.3000E-06,+48.6453466E-03,+2.7660373E-03
+6.4000E-06,+48.6801756E-03,+2.7665823E-03
+6.5000E-06,+48.6879302E-03,+2.0483679E-03
+6.6000E-06,+48.7316134E-03,+2.0851498E-03
+6.7000E-06,+48.7904624E-03,+1.4555614E-03
+6.8000E-06,-41.0406995E-03,+58.5427830E-03
+6.9000E-06,-51.7643468E-03,+97.5626722E-03
+7.0000E-06,-51.8827498E-03,-9.5400764E-03
+7.1000E-06,-51.9200229E-03,-6.9934078E-03
+7.2000E-06,-51.8296379E-03,+18.4460870E-03
+7.3000E-06,-51.8146915E-03,+15.2670486E-03
+7.4000E-06,-51.7924090E-03,+8.4983344E-03
+7.5000E-06,-51.6923961E-03,+10.9011336E-03
+7.6000E-06,-51.8873281E-03,+11.7116198E-03
+7.7000E-06,-51.9662570E-03,+11.8818652E-03
+7.8000E-06,-51.9013949E-03,+12.1998100E-03
+7.9000E-06,-51.8806641E-03,+12.7291100E-03
+8.0000E-06,-51.9294300E-03,+12.9005728E-03
+8.1000E-06,-51.8376102E-03,+13.4518827E-03
+8.2000E-06,-51.7781749E-03,+13.6852542E-03
+8.3000E-06,-51.8471802E-03,+13.4112091E-03
+8.4000E-06,-51.7915637E-03,+12.9080213E-03
+8.5000E-06,-51.8137035E-03,+12.8404105E-03
+8.6000E-06,-51.8451254E-03,+12.1837231E-03
+8.7000E-06,-51.7002717E-03,+12.2944608E-03
+8.8000E-06,-51.8218482E-03,+12.2821037E-03
+8.9000E-06,-51.8781371E-03,+11.8768202E-03
+9.0000E-06,-51.9186146E-03,+11.8183852E-03
+9.1000E-06,-51.9373874E-03,+11.9317180E-03
+9.2000E-06,-51.8757057E-03,+12.4657310E-03
+9.3000E-06,+42.1551658E-03,-57.0016428E-03
+9.4000E-06,+48.6252754E-03,-76.8350560E-03
+9.5000E-06,+48.8545063E-03,+25.6839640E-03
+9.6000E-06,+48.7069610E-03,+20.1967678E-03
+9.7000E-06,+48.6208288E-03,-4.6935137E-03
+9.8000E-06,+48.6072007E-03,-604.5229E-06
+9.9000E-06,+48.5830576E-03,+5.5531862E-03
+10.0000E-06,+48.6566412E-03,+2.9540450E-03
+10.1000E-06,+48.7630288E-03,+2.8332946E-03
+10.2000E-06,+48.6525425E-03,+3.0243088E-03
+10.3000E-06,+48.7121216E-03,+2.7022727E-03
+10.4000E-06,+48.7334925E-03,+1.5794848E-03
+10.5000E-06,+48.7727863E-03,+1.0577463E-03
+10.6000E-06,+48.8272358E-03,+546.6534E-06
+10.7000E-06,+48.6957059E-03,+549.2114E-06
+10.8000E-06,+48.7406344E-03,+1.1605616E-03
+10.9000E-06,+48.6813747E-03,+1.3377854E-03
+11.0000E-06,+48.6503634E-03,+1.7188694E-03
+11.1000E-06,+48.5671019E-03,+1.4968815E-03
+11.2000E-06,+48.5946970E-03,+1.9584095E-03
+11.3000E-06,+48.7703384E-03,+2.1088793E-03
+11.4000E-06,+48.8026520E-03,+2.6777552E-03
+11.5000E-06,+48.7564406E-03,+2.6235454E-03
+11.6000E-06,+48.6980836E-03,+2.2460475E-03
+11.7000E-06,+48.7565889E-03,+1.9532727E-03
+11.8000E-06,-41.1557473E-03,+58.5360437E-03
+11.9000E-06,-51.6645518E-03,+97.8947085E-03
+12.0000E-06,-51.9250937E-03,-9.6075904E-03
+12.1000E-06,-51.8795485E-03,-6.6839419E-03
+12.2000E-06,-51.7677738E-03,+18.6814876E-03
+12.3000E-06,-51.8000379E-03,+14.4483506E-03
+12.4000E-06,-51.8632563E-03,+8.5037129E-03
+12.5000E-06,-51.8240390E-03,+10.3110989E-03
+12.6000E-06,-51.8245928E-03,+11.7727049E-03
+12.7000E-06,-51.8582713E-03,+11.5632090E-03
+12.8000E-06,-51.8929693E-03,+12.0465618E-03
+12.9000E-06,-51.9389043E-03,+12.8959020E-03
+13.0000E-06,-51.9817801E-03,+12.8842350E-03
+13.1000E-06,-51.8983876E-03,+14.0740848E-03
+13.2000E-06,-51.8260508E-03,+13.9042187E-03
+13.3000E-06,-51.8220734E-03,+13.6021564E-03
+13.4000E-06,-51.7826242E-03,+13.2770820E-03
+13.5000E-06,-51.7473788E-03,+12.9332171E-03
+13.6000E-06,-51.7274914E-03,+12.4143237E-03
+13.7000E-06,-51.8210660E-03,+11.6058856E-03
+13.8000E-06,-51.9252290E-03,+11.9015983E-03
+13.9000E-06,-51.8405726E-03,+12.2972895E-03
+14.0000E-06,-51.8644580E-03,+12.4628324E-03
+14.1000E-06,-51.8324981E-03,+12.8529893E-03
+14.2000E-06,-51.8503107E-03,+12.3047285E-03
+14.3000E-06,+42.1341821E-03,-57.0715657E-03
+14.4000E-06,+48.5752408E-03,-77.0389037E-03
+14.5000E-06,+48.8169766E-03,+25.7345359E-03
+14.6000E-06,+48.6883394E-03,+20.2207627E-03
+14.7000E-06,+48.6458170E-03,-4.9625387E-03
+14.8000E-06,+48.7042172E-03,-677.8908E-06
+14.9000E-06,+48.7067464E-03,+5.5197485E-03
+15.0000E-06,+48.6562849E-03,+2.9262460E-03
+15.1000E-06,+48.6904525E-03,+2.3505803E-03
+15.2000E-06,+48.6646280E-03,+2.5817229E-03
+15.3000E-06,+48.7436449E-03,+2.4466912E-03
+15.4000E-06,+48.8045494E-03,+2.1132133E-03
+15.5000E-06,+48.7593709E-03,+1.7230275E-03
+15.6000E-06,+48.8540391E-03,+1.2752361E-03
+15.7000E-06,+48.6730163E-03,+489.8647E-06
+15.8000E-06,+48.6859230E-03,+1.2207666E-03
+15.9000E-06,+48.6415747E-03,+908.9120E-06
+16.0000E-06,+48.6298845E-03,+1.7378229E-03
+16.1000E-06,+48.6344327E-03,+1.7700976E-03
+16.2000E-06,+48.7399771E-03,+2.0396474E-03
+16.3000E-06,+48.6358630E-03,+2.2246254E-03
+16.4000E-06,+48.6935529E-03,+2.5716790E-03
+16.5000E-06,+48.7178681E-03,+2.9247612E-03
+16.6000E-06,+48.7523133E-03,+2.0020312E-03
+16.7000E-06,+48.8041740E-03,+1.8979824E-03
+16.8000E-06,-41.1681985E-03,+58.4798163E-03
+16.9000E-06,-51.6175514E-03,+97.8335527E-03
+17.0000E-06,-51.9460501E-03,-10.3768644E-03
+17.1000E-06,-51.9399029E-03,-6.6626572E-03
+17.2000E-06,-51.8747216E-03,+18.1731008E-03
+17.3000E-06,-51.8494164E-03,+15.3008895E-03
+17.4000E-06,-51.8381782E-03,+8.7846843E-03
+17.5000E-06,-51.7329196E-03,+11.2740999E-03
+17.6000E-06,-51.9036050E-03,+12.0836858E-03
+17.7000E-06,-51.8896684E-03,+11.7852386E-03
+17.8000E-06,-51.8615259E-03,+12.3706630E-03
+17.9000E-06,-51.9390065E-03,+12.4810507E-03
+18.0000E-06,-51.8810496E-03,+13.4203695E-03
+18.1000E-06,-51.8356713E-03,+12.7329022E-03
+18.2000E-06,-51.8158408E-03,+13.8053227E-03
+18.3000E-06,-51.8858469E-03,+13.3839611E-03
+18.4000E-06,-51.8474993E-03,+13.3480397E-03
+18.5000E-06,-51.8515811E-03,+13.5675234E-03
+18.6000E-06,-51.7644488E-03,+12.7646464E-03
+18.7000E-06,-51.7166905E-03,+12.6557605E-03
+18.8000E-06,-51.8076495E-03,+12.0790502E-03
+18.9000E-06,-51.8582407E-03,+12.1021001E-03
+19.0000E-06,-51.8978725E-03,+11.5769730E-03
+19.1000E-06,-51.8968821E-03,+11.8522079E-03
+19.2000E-06,-51.8893735E-03,+12.2438713E-03
+19.3000E-06,+42.1383686E-03,-56.9067486E-03
+19.4000E-06,+48.6346411E-03,-76.7894432E-03
+19.5000E-06,+48.8348162E-03,+26.0109267E-03
+19.6000E-06,+48.6977914E-03,+20.5138252E-03
+19.7000E-06,+48.6087140E-03,-4.8039390E-03
+19.8000E-06,+48.6166300E-03,-426.6875E-06
+19.9000E-06,+48.6346337E-03,+5.4379636E-03
+20.0000E-06,+48.6816690E-03,+3.2982388E-03
+20.1000E-06,+48.6900773E-03,+2.3307884E-03
+20.2000E-06,+48.6376438E-03,+2.6963187E-03
+20.3000E-06,+48.6789336E-03,+2.4561510E-03
+20.4000E-06,+48.7230910E-03,+2.0288317E-03
+20.5000E-06,+48.7709974E-03,+1.6312261E-03
+20.6000E-06,+48.8077824E-03,+831.9135E-06
+20.7000E-06,+48.7028693E-03,+879.8763E-06
+20.8000E-06,+48.7360585E-03,+1.0186802E-03
+20.9000E-06,+48.6900906E-03,+1.2130654E-03
+21.0000E-06,+48.6222945E-03,+1.3376909E-03
+21.1000E-06,+48.5657191E-03,+1.7652302E-03
+21.2000E-06,+48.6076941E-03,+2.3300031E-03
+21.3000E-06,+48.7578999E-03,+2.5306576E-03
+21.4000E-06,+48.7654078E-03,+2.8076857E-03
+21.5000E-06,+48.7173414E-03,+2.3607294E-03
+21.6000E-06,+48.7333460E-03,+2.0144920E-03
+21.7000E-06,+48.7437602E-03,+1.9194551E-03
+21.8000E-06,-41.2710316E-03,+59.1611896E-03
+21.9000E-06,-51.6930827E-03,+97.3623480E-03
+22.0000E-06,-51.9175222E-03,-10.3311035E-03
+22.1000E-06,-51.8451781E-03,-6.8295252E-03
+22.2000E-06,-51.7634801E-03,+18.1084729E-03
+22.3000E-06,-51.8308462E-03,+14.8034415E-03
+22.4000E-06,-51.8942136E-03,+8.9361930E-03
+22.5000E-06,-51.7850520E-03,+10.4527269E-03
+22.6000E-06,-51.8327570E-03,+12.1250943E-03
+22.7000E-06,-51.8270612E-03,+11.6046686E-03
+22.8000E-06,-51.8672837E-03,+12.5394560E-03
+22.9000E-06,-51.9558450E-03,+12.4852658E-03
+23.0000E-06,-51.8964373E-03,+13.1683443E-03
+23.1000E-06,-51.9153836E-03,+13.6538016E-03
+23.2000E-06,-51.8196607E-03,+13.5055767E-03
+23.3000E-06,-51.8415413E-03,+13.3868197E-03
+23.4000E-06,-51.8111195E-03,+12.9216674E-03
+23.5000E-06,-51.8006662E-03,+12.4481416E-03
+23.6000E-06,-51.7532626E-03,+12.3295841E-03
+23.7000E-06,-51.8276191E-03,+11.6452136E-03
+23.8000E-06,-51.8320866E-03,+12.2378417E-03
+23.9000E-06,-51.8625643E-03,+11.9045814E-03
+24.0000E-06,-51.8518107E-03,+12.3490771E-03
+24.1000E-06,-51.8647636E-03,+12.3808965E-03
+24.2000E-06,-51.8674607E-03,+12.2384213E-03
+24.3000E-06,+42.1762269E-03,-57.4271064E-03
+24.4000E-06,+48.5904275E-03,-77.4473408E-03
+24.5000E-06,+48.8276736E-03,+25.7034240E-03
+24.6000E-06,+48.6905605E-03,+19.9650497E-03
+24.7000E-06,+48.6372092E-03,-4.7229379E-03
+24.8000E-06,+48.6666826E-03,-304.7676E-06
+24.9000E-06,+48.7031841E-03,+5.6868407E-03
+25.0000E-06,+48.6777937E-03,+3.5481435E-03
+25.1000E-06,+48.6803008E-03,+2.2749541E-03
+25.2000E-06,+48.7060374E-03,+2.7961042E-03
+25.3000E-06,+48.7271948E-03,+2.1101913E-03
+25.4000E-06,+48.7566039E-03,+1.7801472E-03
+25.5000E-06,+48.8256855E-03,+1.4290070E-03
+25.6000E-06,+48.7669807E-03,+1.1895494E-03
+25.7000E-06,+48.6144615E-03,+682.4122E-06
+25.8000E-06,+48.6552684E-03,+879.4492E-06
+25.9000E-06,+48.6197456E-03,+1.5151713E-03
+26.0000E-06,+48.6482052E-03,+1.5773188E-03
+26.1000E-06,+48.7046318E-03,+2.1569848E-03
+26.2000E-06,+48.6502139E-03,+2.1907643E-03
+26.3000E-06,+48.6733901E-03,+2.3585184E-03
+26.4000E-06,+48.6799892E-03,+2.4515385E-03
+26.5000E-06,+48.7143601E-03,+2.0993997E-03
+26.6000E-06,+48.7567681E-03,+2.3137105E-03
+26.7000E-06,+48.7744306E-03,+1.9840598E-03
+26.8000E-06,-41.2377604E-03,+59.7859082E-03
+26.9000E-06,-51.6400689E-03,+97.7635444E-03
+27.0000E-06,-51.9688911E-03,-9.6035330E-03
+27.1000E-06,-51.8973614E-03,-6.6968488E-03
+27.2000E-06,-51.7909856E-03,+18.3154592E-03
+27.3000E-06,-51.8187375E-03,+14.8495321E-03
+27.4000E-06,-51.8157270E-03,+8.6032187E-03
+27.5000E-06,-51.7369679E-03,+11.0940109E-03
+27.6000E-06,-51.8802734E-03,+11.5585928E-03
+27.7000E-06,-51.8628840E-03,+11.8908206E-03
+27.8000E-06,-51.8755071E-03,+12.4309474E-03
+27.9000E-06,-51.9099066E-03,+12.3584526E-03
+28.0000E-06,-51.8835891E-03,+13.1522695E-03
+28.1000E-06,-51.9020910E-03,+13.1080188E-03
+28.2000E-06,-51.7811229E-03,+14.0681948E-03
+28.3000E-06,-51.8623592E-03,+13.3238063E-03
+28.4000E-06,-51.8793406E-03,+13.4453280E-03
+28.5000E-06,-51.8138961E-03,+13.4261106E-03
+28.6000E-06,-51.7412194E-03,+12.1758414E-03
+28.7000E-06,-51.7843952E-03,+12.1984660E-03
+28.8000E-06,-51.7795960E-03,+12.2953476E-03
+28.9000E-06,-51.9106283E-03,+11.9881075E-03
+29.0000E-06,-51.8595949E-03,+12.0097511E-03
+29.1000E-06,-51.9009892E-03,+11.9238165E-03
+29.2000E-06,-51.9105979E-03,+12.4387067E-03
+29.3000E-06,+42.2201666E-03,-57.8172280E-03
+29.4000E-06,+48.6274605E-03,-77.2314788E-03
+29.5000E-06,+48.8238128E-03,+25.9155375E-03
+29.6000E-06,+48.6784554E-03,+20.1234282E-03
+29.7000E-06,+48.6141709E-03,-4.4628655E-03
+29.8000E-06,+48.5980639E-03,-257.8353E-06
+29.9000E-06,+48.7303736E-03,+5.5206179E-03
+30.0000E-06,+48.7019282E-03,+3.5811345E-03
+30.1000E-06,+48.6973552E-03,+2.0327373E-03
+30.2000E-06,+48.6985863E-03,+2.9071924E-03
+30.3000E-06,+48.7125240E-03,+2.5260815E-03
+30.4000E-06,+48.7486292E-03,+1.9227402E-03
+30.5000E-06,+48.7939997E-03,+1.1671424E-03
+30.6000E-06,+48.7548213E-03,+932.1035E-06
+30.7000E-06,+48.7396995E-03,+498.1504E-06
+30.8000E-06,+48.7346840E-03,+1.4303805E-03
+30.9000E-06,+48.6649965E-03,+1.4902873E-03
+31.0000E-06,+48.6096759E-03,+1.9875679E-03
+31.1000E-06,+48.6078730E-03,+1.8712911E-03
+31.2000E-06,+48.6337504E-03,+2.8601960E-03
+31.3000E-06,+48.7529506E-03,+2.2984882E-03
+31.4000E-06,+48.7164791E-03,+2.4864166E-03
+31.5000E-06,+48.7269314E-03,+2.2621433E-03
+31.6000E-06,+48.7580778E-03,+1.7061948E-03
+31.7000E-06,+48.7546643E-03,+2.0886532E-03
+31.8000E-06,-41.3811441E-03,+58.9809108E-03
+31.9000E-06,-51.6914162E-03,+97.7363605E-03
+32.0000E-06,-51.9413746E-03,-9.9726459E-03
+32.1000E-06,-51.8433912E-03,-6.5200997E-03
+32.2000E-06,-51.7778054E-03,+19.0034088E-03
+32.3000E-06,-51.8340229E-03,+14.9231765E-03
+32.4000E-06,-51.7935806E-03,+8.9817606E-03
+32.5000E-06,-51.8364381E-03,+10.5649115E-03
+32.6000E-06,-51.8006601E-03,+11.8536695E-03
+32.7000E-06,-51.8490275E-03,+11.4157145E-03
+32.8000E-06,-51.9155222E-03,+11.8581599E-03
+32.9000E-06,-51.9137658E-03,+12.5735260E-03
+33.0000E-06,-51.9385092E-03,+12.7005004E-03
+33.1000E-06,-51.9181230E-03,+13.6948977E-03
+33.2000E-06,-51.8410830E-03,+14.0051714E-03
+33.3000E-06,-51.8246016E-03,+13.6660660E-03
+33.4000E-06,-51.7928947E-03,+13.7601884E-03
+33.5000E-06,-51.7772883E-03,+12.8677503E-03
+33.6000E-06,-51.7190654E-03,+12.5628061E-03
+33.7000E-06,-51.7943011E-03,+11.5443265E-03
+33.8000E-06,-51.7812534E-03,+11.7256690E-03
+33.9000E-06,-51.9147492E-03,+11.4008716E-03
+34.0000E-06,-51.9108560E-03,+11.8770705E-03
+34.1000E-06,-51.8798573E-03,+12.4550356E-03
+34.2000E-06,-51.8829042E-03,+12.2301424E-03
+34.3000E-06,+42.2779932E-03,-57.4496356E-03
+34.4000E-06,+48.5907180E-03,-77.1811939E-03
+34.5000E-06,+48.7774739E-03,+25.9558103E-03
+34.6000E-06,+48.6999053E-03,+20.0246020E-03
+34.7000E-06,+48.6592377E-03,-4.5390571E-03
+34.8000E-06,+48.6475107E-03,-368.9395E-06
+34.9000E-06,+48.7394781E-03,+5.3244840E-03
+35.0000E-06,+48.6405460E-03,+3.5258317E-03
+35.1000E-06,+48.6864637E-03,+1.6785286E-03
+35.2000E-06,+48.6693176E-03,+2.9974207E-03
+35.3000E-06,+48.6684951E-03,+1.9914099E-03
+35.4000E-06,+48.7502452E-03,+2.0047483E-03
+35.5000E-06,+48.8086245E-03,+1.3164558E-03
+35.6000E-06,+48.7852292E-03,+884.6063E-06
+35.7000E-06,+48.6939267E-03,+856.1685E-06
+35.8000E-06,+48.6608951E-03,+618.1238E-06
+35.9000E-06,+48.6637431E-03,+1.5328833E-03
+36.0000E-06,+48.6640337E-03,+1.0860804E-03
+36.1000E-06,+48.7096564E-03,+2.2836313E-03
+36.2000E-06,+48.6327204E-03,+2.2054746E-03
+36.3000E-06,+48.7121962E-03,+2.2398210E-03
+36.4000E-06,+48.6940846E-03,+2.7018622E-03
+36.5000E-06,+48.7257729E-03,+2.0030771E-03
+36.6000E-06,+48.7222015E-03,+2.1781314E-03
+36.7000E-06,+48.7450730E-03,+1.6299715E-03
+36.8000E-06,-41.2958660E-03,+59.9473945E-03
+36.9000E-06,-51.6536955E-03,+97.2435935E-03
+37.0000E-06,-51.9641327E-03,-9.7119886E-03
+37.1000E-06,-51.9026225E-03,-6.6672280E-03
+37.2000E-06,-51.8086586E-03,+18.3701435E-03
+37.3000E-06,-51.8105163E-03,+15.0038695E-03
+37.4000E-06,-51.8062019E-03,+8.3043713E-03
+37.5000E-06,-51.7993920E-03,+11.0776691E-03
+37.6000E-06,-51.8533998E-03,+11.8041580E-03
+37.7000E-06,-51.8950224E-03,+11.7497112E-03
+37.8000E-06,-51.9331900E-03,+12.2769161E-03
+37.9000E-06,-51.9251812E-03,+12.5649823E-03
+38.0000E-06,-51.8825624E-03,+13.2732093E-03
+38.1000E-06,-51.8797781E-03,+13.3552772E-03
+38.2000E-06,-51.7490523E-03,+14.2168345E-03
+38.3000E-06,-51.8712517E-03,+13.3818682E-03
+38.4000E-06,-51.8566796E-03,+13.3718505E-03
+38.5000E-06,-51.8032319E-03,+13.1424772E-03
+38.6000E-06,-51.7584834E-03,+12.2109825E-03
+38.7000E-06,-51.7480147E-03,+12.1134773E-03
+38.8000E-06,-51.8217752E-03,+11.8478705E-03
+38.9000E-06,-51.8774951E-03,+11.8959353E-03
+39.0000E-06,-51.8756817E-03,+12.0551426E-03
+39.1000E-06,-51.9136014E-03,+12.5320275E-03
+39.2000E-06,-51.9512326E-03,+12.6117886E-03
+39.3000E-06,+42.3046495E-03,-57.6272091E-03
+39.4000E-06,+48.5961183E-03,-76.9879318E-03
+39.5000E-06,+48.8622010E-03,+26.0954528E-03
+39.6000E-06,+48.7153636E-03,+20.0214416E-03
+39.7000E-06,+48.6250411E-03,-4.6152091E-03
+39.8000E-06,+48.6231728E-03,-273.6945E-06
+39.9000E-06,+48.7057107E-03,+5.1508621E-03
+40.0000E-06,+48.6456994E-03,+3.5328439E-03
+40.1000E-06,+48.7015622E-03,+2.0203925E-03
+40.2000E-06,+48.7045260E-03,+2.8457670E-03
+40.3000E-06,+48.7147466E-03,+2.1471351E-03
+40.4000E-06,+48.7801774E-03,+2.1626967E-03
+40.5000E-06,+48.7475223E-03,+1.5930133E-03
+40.6000E-06,+48.7390083E-03,+1.0941598E-03
+40.7000E-06,+48.7504706E-03,+742.9495E-06
+40.8000E-06,+48.7326091E-03,+924.0362E-06
+40.9000E-06,+48.6889808E-03,+1.3686218E-03
+41.0000E-06,+48.6516448E-03,+1.6279553E-03
+41.1000E-06,+48.6295129E-03,+1.7073317E-03
+41.2000E-06,+48.6432287E-03,+1.4700791E-03
+41.3000E-06,+48.6988997E-03,+2.4513207E-03
+41.4000E-06,+48.6527771E-03,+2.3731693E-03
+41.5000E-06,+48.7314492E-03,+2.7239647E-03
+41.6000E-06,+48.7661964E-03,+2.2322593E-03
+41.7000E-06,+48.7629839E-03,+2.0156220E-03
+41.8000E-06,-41.4479721E-03,+59.8340396E-03
+41.9000E-06,-51.6730594E-03,+97.3446881E-03
+42.0000E-06,-51.9076813E-03,-10.1494364E-03
+42.1000E-06,-51.8413821E-03,-7.2222381E-03
+42.2000E-06,-51.8283519E-03,+18.0460831E-03
+42.3000E-06,-51.8755817E-03,+14.6708766E-03
+42.4000E-06,-51.8141740E-03,+8.5384019E-03
+42.5000E-06,-51.8635689E-03,+11.0237461E-03
+42.6000E-06,-51.8623320E-03,+11.9561126E-03
+42.7000E-06,-51.8946738E-03,+11.5410000E-03
+42.8000E-06,-51.8825848E-03,+12.0956040E-03
+42.9000E-06,-51.8592310E-03,+12.7640304E-03
+43.0000E-06,-51.9160532E-03,+13.1034825E-03
+43.1000E-06,-51.9254210E-03,+13.3598197E-03
+43.2000E-06,-51.8526711E-03,+13.3946872E-03
+43.3000E-06,-51.8890747E-03,+13.0927543E-03
+43.4000E-06,-51.8165176E-03,+13.1373552E-03
+43.5000E-06,-51.7686345E-03,+12.7921710E-03
+43.6000E-06,-51.7931841E-03,+12.6008565E-03
+43.7000E-06,-51.8211369E-03,+11.9919338E-03
+43.8000E-06,-51.8225966E-03,+12.3922721E-03
+43.9000E-06,-51.9001233E-03,+11.9116567E-03
+44.0000E-06,-51.8473259E-03,+12.0427828E-03
+44.1000E-06,-51.8786264E-03,+12.0880280E-03
+44.2000E-06,-51.8527018E-03,+12.3479815E-03
+44.3000E-06,+42.3785314E-03,-58.2321939E-03
+44.4000E-06,+48.5337647E-03,-77.0695490E-03
+44.5000E-06,+48.7804677E-03,+26.0407992E-03
+44.6000E-06,+48.6788393E-03,+20.0707019E-03
+44.7000E-06,+48.6328855E-03,-4.6435296E-03
+44.8000E-06,+48.6752158E-03,-16.5514E-06
+44.9000E-06,+48.7230710E-03,+5.5925669E-03
+45.0000E-06,+48.6514405E-03,+3.5421688E-03
+45.1000E-06,+48.7258400E-03,+2.2350668E-03
+45.2000E-06,+48.7050580E-03,+2.8448590E-03
+45.3000E-06,+48.6662523E-03,+2.2842708E-03
+45.4000E-06,+48.8018765E-03,+1.8953222E-03
+45.5000E-06,+48.8186138E-03,+1.3317168E-03
+45.6000E-06,+48.7908756E-03,+695.2955E-06
+45.7000E-06,+48.7063961E-03,+677.1884E-06
+45.8000E-06,+48.6192298E-03,+627.4836E-06
+45.9000E-06,+48.6409327E-03,+1.4306177E-03
+46.0000E-06,+48.6398638E-03,+1.5342200E-03
+46.1000E-06,+48.6135272E-03,+2.3211517E-03
+46.2000E-06,+48.6673784E-03,+2.1980947E-03
+46.3000E-06,+48.7083495E-03,+2.8381499E-03
+46.4000E-06,+48.6960858E-03,+2.7585906E-03
+46.5000E-06,+48.7503388E-03,+2.6172341E-03
+46.6000E-06,+48.7634159E-03,+2.1154522E-03
+46.7000E-06,+48.7930741E-03,+1.6846247E-03
+46.8000E-06,-41.4401268E-03,+59.7683913E-03
+46.9000E-06,-51.6804747E-03,+96.9196001E-03
+47.0000E-06,-51.9369371E-03,-9.9242344E-03
+47.1000E-06,-51.9293832E-03,-6.8587010E-03
+47.2000E-06,-51.8602094E-03,+18.5550601E-03
+47.3000E-06,-51.8233502E-03,+14.9742240E-03
+47.4000E-06,-51.7706068E-03,+8.7368972E-03
+47.5000E-06,-51.7665961E-03,+11.0903735E-03
+47.6000E-06,-51.8485252E-03,+11.9999070E-03
+47.7000E-06,-51.8478485E-03,+11.7616288E-03
+47.8000E-06,-51.9068212E-03,+12.2098782E-03
+47.9000E-06,-51.9158382E-03,+12.6233822E-03
+48.0000E-06,-51.9543833E-03,+13.0958101E-03
+48.1000E-06,-51.8629841E-03,+13.5090348E-03
+48.2000E-06,-51.8074754E-03,+13.8401726E-03
+48.3000E-06,-51.8805523E-03,+13.4731614E-03
+48.4000E-06,-51.8378821E-03,+13.3800652E-03
+48.5000E-06,-51.8171168E-03,+12.8889966E-03
+48.6000E-06,-51.7580221E-03,+12.4509912E-03
+48.7000E-06,-51.7296539E-03,+12.0744432E-03
+48.8000E-06,-51.8162996E-03,+11.8933640E-03
+48.9000E-06,-51.8702454E-03,+12.2776641E-03
+49.0000E-06,-51.8899178E-03,+11.8522368E-03
+49.1000E-06,-51.9083213E-03,+12.6057726E-03
+49.2000E-06,-51.9242435E-03,+12.3646702E-03
+49.3000E-06,+42.3420048E-03,-58.3116474E-03
+49.4000E-06,+48.5572148E-03,-76.7835332E-03
+49.5000E-06,+48.7971438E-03,+25.7009209E-03
+49.6000E-06,+48.7146997E-03,+20.1131813E-03
+49.7000E-06,+48.5889801E-03,-4.7731227E-03
+49.8000E-06,+48.6429997E-03,+43.6459E-06
+49.9000E-06,+48.7020454E-03,+5.7419115E-03
+50.0000E-06,+48.7001079E-03,+3.5805273E-03
+50.1000E-06,+48.7364955E-03,+2.5100244E-03
+50.2000E-06,+48.6977819E-03,+2.5979709E-03
+50.3000E-06,+48.7320676E-03,+2.1863838E-03
+50.4000E-06,+48.7503841E-03,+1.4715197E-03
+50.5000E-06,+48.7595187E-03,+1.3079770E-03
+50.6000E-06,+48.7146230E-03,+930.0663E-06
+50.7000E-06,+48.6975684E-03,+628.8269E-06
+50.8000E-06,+48.6737638E-03,+1.1366147E-03
+50.9000E-06,+48.6504330E-03,+1.3046054E-03
+51.0000E-06,+48.6071414E-03,+1.8789261E-03
+51.1000E-06,+48.6370740E-03,+2.3753479E-03
+51.2000E-06,+48.6781473E-03,+2.4330029E-03
+51.3000E-06,+48.7406306E-03,+2.3691315E-03
+51.4000E-06,+48.7022878E-03,+2.3627732E-03
+51.5000E-06,+48.7403672E-03,+2.2478621E-03
+51.6000E-06,+48.7575504E-03,+1.8046690E-03
+51.7000E-06,+48.7528142E-03,+2.0248752E-03
+51.8000E-06,-41.5686015E-03,+59.9032489E-03
+51.9000E-06,-51.7377084E-03,+97.2286653E-03
+52.0000E-06,-51.9391727E-03,-9.9063911E-03
+52.1000E-06,-51.8769447E-03,-6.5032205E-03
+52.2000E-06,-51.7854523E-03,+18.8100335E-03
+52.3000E-06,-51.8242786E-03,+14.5556127E-03
+52.4000E-06,-51.8026406E-03,+8.6534122E-03
+52.5000E-06,-51.7842872E-03,+10.5451867E-03
+52.6000E-06,-51.8255611E-03,+11.7921136E-03
+52.7000E-06,-51.8724965E-03,+11.8335552E-03
+52.8000E-06,-51.9128584E-03,+11.7396837E-03
+52.9000E-06,-51.8809100E-03,+12.7849791E-03
+53.0000E-06,-51.9247594E-03,+13.1076327E-03
+53.1000E-06,-51.9047129E-03,+13.6890496E-03
+53.2000E-06,-51.8694175E-03,+14.0391519E-03
+53.3000E-06,-51.8586282E-03,+13.1290745E-03
+53.4000E-06,-51.7570867E-03,+13.4850902E-03
+53.5000E-06,-51.7558580E-03,+12.7836889E-03
+53.6000E-06,-51.7590295E-03,+12.3801414E-03
+53.7000E-06,-51.7903816E-03,+11.8157645E-03
+53.8000E-06,-51.8361299E-03,+11.5370315E-03
+53.9000E-06,-51.8558092E-03,+11.8949809E-03
+54.0000E-06,-51.9100352E-03,+11.4729158E-03
+54.1000E-06,-51.9079470E-03,+12.6066715E-03
+54.2000E-06,-51.8936471E-03,+12.2225912E-03
+54.3000E-06,+42.4134880E-03,-58.3549334E-03
+54.4000E-06,+48.5566599E-03,-76.4036711E-03
+54.5000E-06,+48.7958639E-03,+26.0711967E-03
+54.6000E-06,+48.7138932E-03,+20.1869507E-03
+54.7000E-06,+48.6515880E-03,-4.8921415E-03
+54.8000E-06,+48.7393404E-03,-160.2408E-06
+54.9000E-06,+48.6999530E-03,+5.1659006E-03
+55.0000E-06,+48.6557260E-03,+3.1368040E-03
+55.1000E-06,+48.6992974E-03,+2.1395762E-03
+55.2000E-06,+48.6918468E-03,+2.5576574E-03
+55.3000E-06,+48.6881795E-03,+2.5208225E-03
+55.4000E-06,+48.7326627E-03,+1.8270732E-03
+55.5000E-06,+48.8025777E-03,+1.8973023E-03
+55.6000E-06,+48.7899449E-03,+608.7416E-06
+55.7000E-06,+48.7340640E-03,+1.0752708E-03
+55.8000E-06,+48.6711355E-03,+800.3641E-06
+55.9000E-06,+48.6634456E-03,+987.5853E-06
+56.0000E-06,+48.6869777E-03,+1.7218465E-03
+56.1000E-06,+48.6180491E-03,+2.0248525E-03
+56.2000E-06,+48.6936793E-03,+2.4450332E-03
+56.3000E-06,+48.6869778E-03,+2.0247712E-03
+56.4000E-06,+48.6974076E-03,+2.8947257E-03
+56.5000E-06,+48.7347493E-03,+2.3086787E-03
+56.6000E-06,+48.7361590E-03,+2.3592725E-03
+56.7000E-06,+48.7791404E-03,+1.8658568E-03
+56.8000E-06,-41.5384314E-03,+60.2578369E-03
+56.9000E-06,-51.6311873E-03,+96.5021710E-03
+57.0000E-06,-51.9356216E-03,-10.4077540E-03
+57.1000E-06,-51.9244891E-03,-6.7721818E-03
+57.2000E-06,-51.8405884E-03,+18.7007714E-03
+57.3000E-06,-51.8265611E-03,+15.0534107E-03
+57.4000E-06,-51.7818438E-03,+8.8928229E-03
+57.5000E-06,-51.7672630E-03,+11.1219924E-03
+57.6000E-06,-51.8499929E-03,+12.1110835E-03
+57.7000E-06,-51.8424489E-03,+12.0407970E-03
+57.8000E-06,-51.9062324E-03,+11.8597616E-03
+57.9000E-06,-51.8892564E-03,+12.9899570E-03
+58.0000E-06,-51.9209230E-03,+12.5716506E-03
+58.1000E-06,-51.8378448E-03,+13.3088610E-03
+58.2000E-06,-51.8172730E-03,+13.5749176E-03
+58.3000E-06,-51.8780132E-03,+13.3655424E-03
+58.4000E-06,-51.8358430E-03,+13.4036530E-03
+58.5000E-06,-51.8368138E-03,+12.7966551E-03
+58.6000E-06,-51.7345826E-03,+12.7227332E-03
+58.7000E-06,-51.7459646E-03,+12.2028621E-03
+58.8000E-06,-51.8599884E-03,+12.2996561E-03
+58.9000E-06,-51.8875181E-03,+12.0312844E-03
+59.0000E-06,-51.8913007E-03,+11.8594909E-03
+59.1000E-06,-51.9075057E-03,+12.2292142E-03
+59.2000E-06,-51.9136117E-03,+12.4622044E-03
+59.3000E-06,+42.4161963E-03,-58.3458044E-03
+59.4000E-06,+48.5996427E-03,-76.7021932E-03
+59.5000E-06,+48.8219436E-03,+26.1936653E-03
+59.6000E-06,+48.6889412E-03,+20.1954534E-03
+59.7000E-06,+48.6052904E-03,-4.8197077E-03
+59.8000E-06,+48.6585776E-03,-214.5386E-06
+59.9000E-06,+48.6989240E-03,+5.5459168E-03
+60.0000E-06,+48.6545474E-03,+3.5901887E-03
+60.1000E-06,+48.6323474E-03,+2.1466665E-03
+60.2000E-06,+48.6717181E-03,+2.9015406E-03
+60.3000E-06,+48.7266594E-03,+2.4743535E-03
+60.4000E-06,+48.7913995E-03,+1.6815544E-03
+60.5000E-06,+48.7380926E-03,+1.4435074E-03
+60.6000E-06,+48.7455049E-03,+804.3357E-06
+60.7000E-06,+48.7614667E-03,+1.1479523E-03
+60.8000E-06,+48.7115522E-03,+936.9357E-06
+60.9000E-06,+48.6490403E-03,+923.3988E-06
+61.0000E-06,+48.6206059E-03,+1.4029338E-03
+61.1000E-06,+48.5943805E-03,+2.1178437E-03
+61.2000E-06,+48.6802235E-03,+2.2033847E-03
+61.3000E-06,+48.7132307E-03,+2.5001942E-03
+61.4000E-06,+48.6859352E-03,+2.4302742E-03
+61.5000E-06,+48.7474506E-03,+2.4805865E-03
+61.6000E-06,+48.7678708E-03,+2.0642410E-03
+61.7000E-06,+48.7804161E-03,+1.7731471E-03
+61.8000E-06,-41.6151595E-03,+60.4589851E-03
+61.9000E-06,-51.7139110E-03,+96.9428033E-03
+62.0000E-06,-51.8956318E-03,-9.9533271E-03
+62.1000E-06,-51.8547536E-03,-6.8452658E-03
+62.2000E-06,-51.8033906E-03,+18.6008825E-03
+62.3000E-06,-51.8529828E-03,+14.4687284E-03
+62.4000E-06,-51.8482977E-03,+8.5343258E-03
+62.5000E-06,-51.7998893E-03,+10.8688459E-03
+62.6000E-06,-51.7848633E-03,+12.0395645E-03
+62.7000E-06,-51.8648761E-03,+11.9083306E-03
+62.8000E-06,-51.9193114E-03,+12.1131419E-03
+62.9000E-06,-51.8848622E-03,+12.8018702E-03
+63.0000E-06,-51.8951929E-03,+12.9850686E-03
+63.1000E-06,-51.9036975E-03,+13.7477923E-03
+63.2000E-06,-51.8463512E-03,+13.5035283E-03
+63.3000E-06,-51.8656462E-03,+12.9879706E-03
+63.4000E-06,-51.7759238E-03,+12.8564092E-03
+63.5000E-06,-51.7654219E-03,+13.0104017E-03
+63.6000E-06,-51.8125207E-03,+12.0436983E-03
+63.7000E-06,-51.7875133E-03,+12.3343634E-03
+63.8000E-06,-51.8210977E-03,+11.9955890E-03
+63.9000E-06,-51.8356073E-03,+12.1693531E-03
+64.0000E-06,-51.8959528E-03,+12.1739008E-03
+64.1000E-06,-51.8935017E-03,+12.3127404E-03
+64.2000E-06,-51.8826777E-03,+12.2968738E-03
+64.3000E-06,+42.4603600E-03,-58.5958107E-03
+64.4000E-06,+48.5425478E-03,-77.0062776E-03
+64.5000E-06,+48.7744412E-03,+25.8202305E-03
+64.6000E-06,+48.7101527E-03,+20.0282280E-03
+64.7000E-06,+48.6516782E-03,-4.6337890E-03
+64.8000E-06,+48.7004584E-03,-245.9010E-06
+64.9000E-06,+48.6934711E-03,+5.3832062E-03
+65.0000E-06,+48.6540712E-03,+3.3733323E-03
+65.1000E-06,+48.7496659E-03,+2.0708090E-03
+65.2000E-06,+48.7053803E-03,+2.5664482E-03
+65.3000E-06,+48.7436709E-03,+2.1226524E-03
+65.4000E-06,+48.7496459E-03,+1.4991252E-03
+65.5000E-06,+48.7954579E-03,+1.3054614E-03
+65.6000E-06,+48.7720239E-03,+1.0261076E-03
+65.7000E-06,+48.7020719E-03,+969.4526E-06
+65.8000E-06,+48.6378676E-03,+1.1316691E-03
+65.9000E-06,+48.6246778E-03,+1.3009470E-03
+66.0000E-06,+48.6929384E-03,+1.6241006E-03
+66.1000E-06,+48.6283100E-03,+2.1099402E-03
+66.2000E-06,+48.6630060E-03,+2.2076075E-03
+66.3000E-06,+48.6721194E-03,+2.4665554E-03
+66.4000E-06,+48.7146645E-03,+2.4923733E-03
+66.5000E-06,+48.7620556E-03,+2.3084077E-03
+66.6000E-06,+48.7433054E-03,+1.9696813E-03
+66.7000E-06,+48.7323937E-03,+1.9536371E-03
+66.8000E-06,-41.6292542E-03,+60.2888466E-03
+66.9000E-06,-51.6837722E-03,+97.1817893E-03
+67.0000E-06,-51.9290060E-03,-10.1350145E-03
+67.1000E-06,-51.9038570E-03,-6.6910838E-03
+67.2000E-06,-51.8230012E-03,+18.4979968E-03
+67.3000E-06,-51.8085181E-03,+14.6379237E-03
+67.4000E-06,-51.7412995E-03,+8.5679604E-03
+67.5000E-06,-51.7958351E-03,+11.0870763E-03
+67.6000E-06,-51.8460499E-03,+12.1366004E-03
+67.7000E-06,-51.8737456E-03,+11.7813274E-03
+67.8000E-06,-51.8874871E-03,+12.2302631E-03
+67.9000E-06,-51.9102400E-03,+12.4508617E-03
+68.0000E-06,-51.9250228E-03,+13.0204217E-03
+68.1000E-06,-51.8916822E-03,+13.1231556E-03
+68.2000E-06,-51.8171109E-03,+13.6735209E-03
+68.3000E-06,-51.9241336E-03,+13.5151301E-03
+68.4000E-06,-51.8264054E-03,+13.6977300E-03
+68.5000E-06,-51.8097944E-03,+13.2959361E-03
+68.6000E-06,-51.7537764E-03,+12.6825441E-03
+68.7000E-06,-51.7216952E-03,+12.1686797E-03
+68.8000E-06,-51.8281208E-03,+12.1040564E-03
+68.9000E-06,-51.8610424E-03,+11.8253007E-03
+69.0000E-06,-51.8648783E-03,+11.9538534E-03
+69.1000E-06,-51.8943376E-03,+12.5106335E-03
+69.2000E-06,-51.9234019E-03,+12.1191949E-03
+69.3000E-06,+42.4896130E-03,-58.3729098E-03
+69.4000E-06,+48.5868908E-03,-76.5524694E-03
+69.5000E-06,+48.8063877E-03,+26.3198857E-03
+69.6000E-06,+48.6676986E-03,+20.0158098E-03
+69.7000E-06,+48.6013465E-03,-4.6100979E-03
+69.8000E-06,+48.6796061E-03,-317.1099E-06
+69.9000E-06,+48.6911606E-03,+5.4323637E-03
+70.0000E-06,+48.6586506E-03,+3.8633081E-03
+70.1000E-06,+48.6495315E-03,+2.1775828E-03
+70.2000E-06,+48.6434866E-03,+2.6968280E-03
+70.3000E-06,+48.7455328E-03,+2.2112888E-03
+70.4000E-06,+48.7608996E-03,+1.8745919E-03
+70.5000E-06,+48.7288520E-03,+1.7957756E-03
+70.6000E-06,+48.7806978E-03,+1.1107334E-03
+70.7000E-06,+48.7527407E-03,+1.1407871E-03
+70.8000E-06,+48.6854048E-03,+943.0228E-06
+70.9000E-06,+48.6739795E-03,+1.4117437E-03
+71.0000E-06,+48.6141641E-03,+1.6884212E-03
+71.1000E-06,+48.6046161E-03,+2.0319243E-03
+71.2000E-06,+48.6548533E-03,+2.3470474E-03
+71.3000E-06,+48.6743198E-03,+2.5442846E-03
+71.4000E-06,+48.6561983E-03,+2.3242252E-03
+71.5000E-06,+48.7754283E-03,+2.4249456E-03
+71.6000E-06,+48.7293630E-03,+1.7230378E-03
+71.7000E-06,+48.7348926E-03,+1.7487675E-03
+71.8000E-06,-41.6993069E-03,+60.5710237E-03
+71.9000E-06,-51.7336485E-03,+96.8302964E-03
+72.0000E-06,-51.8863008E-03,-10.1146906E-03
+72.1000E-06,-51.8437464E-03,-6.3925124E-03
+72.2000E-06,-51.8195377E-03,+18.9303738E-03
+72.3000E-06,-51.8717058E-03,+14.4426580E-03
+72.4000E-06,-51.7945627E-03,+8.9140043E-03
+72.5000E-06,-51.7972316E-03,+10.2758032E-03
+72.6000E-06,-51.8033013E-03,+11.7979816E-03
+72.7000E-06,-51.8990469E-03,+11.5490979E-03
+72.8000E-06,-51.9158641E-03,+12.0430975E-03
+72.9000E-06,-51.8977141E-03,+12.9428798E-03
+73.0000E-06,-51.9420452E-03,+12.8385074E-03
+73.1000E-06,-51.8869925E-03,+13.5143819E-03
+73.2000E-06,-51.8359821E-03,+13.9673720E-03
+73.3000E-06,-51.8363591E-03,+12.7112482E-03
+73.4000E-06,-51.7736915E-03,+12.9040887E-03
+73.5000E-06,-51.7699978E-03,+12.4598025E-03
+73.6000E-06,-51.8302655E-03,+11.7987333E-03
+73.7000E-06,-51.7846247E-03,+11.7729606E-03
+73.8000E-06,-51.7806963E-03,+11.9560639E-03
+73.9000E-06,-51.8439262E-03,+11.8552483E-03
+74.0000E-06,-51.8982153E-03,+11.5742128E-03
+74.1000E-06,-51.9111740E-03,+12.6711563E-03
+74.2000E-06,-51.8881233E-03,+12.1862170E-03
+74.3000E-06,+42.5382413E-03,-58.7164219E-03
+74.4000E-06,+48.5514154E-03,-76.5590558E-03
+74.5000E-06,+48.8262755E-03,+25.9498836E-03
+74.6000E-06,+48.7160172E-03,+19.4764697E-03
+74.7000E-06,+48.6593684E-03,-5.2850212E-03
+74.8000E-06,+48.6683638E-03,-548.6510E-06
+74.9000E-06,+48.6651625E-03,+5.5779984E-03
+75.0000E-06,+48.6423899E-03,+3.5403645E-03
+75.1000E-06,+48.7068085E-03,+2.4875059E-03
+75.2000E-06,+48.6520693E-03,+2.6147173E-03
+75.3000E-06,+48.7021749E-03,+2.2313158E-03
+75.4000E-06,+48.7970696E-03,+1.9629693E-03
+75.5000E-06,+48.7778657E-03,+1.4397305E-03
+75.6000E-06,+48.7922218E-03,+759.0085E-06
+75.7000E-06,+48.6954055E-03,+480.9382E-06
+75.8000E-06,+48.6621855E-03,+626.0588E-06
+75.9000E-06,+48.6751510E-03,+1.4698678E-03
+76.0000E-06,+48.6406406E-03,+1.9216930E-03
+76.1000E-06,+48.6373232E-03,+2.1105782E-03
+76.2000E-06,+48.6544431E-03,+2.1892272E-03
+76.3000E-06,+48.6759666E-03,+2.1755354E-03
+76.4000E-06,+48.6865156E-03,+2.6805691E-03
+76.5000E-06,+48.7285970E-03,+2.3431739E-03
+76.6000E-06,+48.7220499E-03,+2.2308403E-03
+76.7000E-06,+48.7502978E-03,+2.1189745E-03
+76.8000E-06,-41.7231415E-03,+61.2199171E-03
+76.9000E-06,-51.7120911E-03,+96.9287812E-03
+77.0000E-06,-51.9113606E-03,-10.0204462E-03
+77.1000E-06,-51.9038298E-03,-6.6350126E-03
+77.2000E-06,-51.8020098E-03,+18.7827502E-03
+77.3000E-06,-51.7992912E-03,+14.7251158E-03
+77.4000E-06,-51.7843901E-03,+8.7925092E-03
+77.5000E-06,-51.8246224E-03,+11.2555540E-03
+77.6000E-06,-51.8637323E-03,+11.9858924E-03
+77.7000E-06,-51.8870210E-03,+11.9246496E-03
+77.8000E-06,-51.8855044E-03,+12.0560423E-03
+77.9000E-06,-51.8811857E-03,+12.8289301E-03
+78.0000E-06,-51.8870235E-03,+13.1846985E-03
+78.1000E-06,-51.8672152E-03,+13.7202755E-03
+78.2000E-06,-51.8708628E-03,+13.8010738E-03
+78.3000E-06,-51.8743445E-03,+13.8296748E-03
+78.4000E-06,-51.8556490E-03,+13.1795024E-03
+78.5000E-06,-51.7828122E-03,+12.8337221E-03
+78.6000E-06,-51.7704579E-03,+12.4103801E-03
+78.7000E-06,-51.7168006E-03,+12.0706047E-03
+78.8000E-06,-51.8475769E-03,+12.6690338E-03
+78.9000E-06,-51.8790883E-03,+11.9398470E-03
+79.0000E-06,-51.8651299E-03,+12.4285130E-03
+79.1000E-06,-51.9191569E-03,+12.2532273E-03
+79.2000E-06,-51.8693041E-03,+12.6741085E-03
+79.3000E-06,+42.5001903E-03,-58.7323529E-03
+79.4000E-06,+48.5822908E-03,-76.0452760E-03
+79.5000E-06,+48.8381832E-03,+26.3114987E-03
+79.6000E-06,+48.6500040E-03,+19.5763935E-03
+79.7000E-06,+48.6257248E-03,-4.4585932E-03
+79.8000E-06,+48.6527632E-03,-367.4678E-06
+79.9000E-06,+48.6993521E-03,+5.4688498E-03
+80.0000E-06,+48.6426837E-03,+3.3014378E-03
+80.1000E-06,+48.6782746E-03,+2.1508169E-03
+80.2000E-06,+48.6966593E-03,+2.7277124E-03
+80.3000E-06,+48.7205916E-03,+2.3936271E-03
+80.4000E-06,+48.7867175E-03,+2.2336304E-03
+80.5000E-06,+48.7608973E-03,+1.6107508E-03
+80.6000E-06,+48.7847175E-03,+853.9961E-06
+80.7000E-06,+48.7321683E-03,+892.6723E-06
+80.8000E-06,+48.6364038E-03,+843.9366E-06
+80.9000E-06,+48.6477624E-03,+1.1540857E-03
+81.0000E-06,+48.6207595E-03,+1.5610924E-03
+81.1000E-06,+48.6111772E-03,+1.9341762E-03
+81.2000E-06,+48.7058969E-03,+2.4642608E-03
+81.3000E-06,+48.6822973E-03,+2.7064412E-03
+81.4000E-06,+48.6765223E-03,+2.5180480E-03
+81.5000E-06,+48.7426999E-03,+2.0891564E-03
+81.6000E-06,+48.7576712E-03,+1.8688115E-03
+81.7000E-06,+48.7614816E-03,+1.6548402E-03
+81.8000E-06,-41.7553047E-03,+60.9071472E-03
+81.9000E-06,-51.7237825E-03,+96.7407901E-03
+82.0000E-06,-51.9170797E-03,-10.4086896E-03
+82.1000E-06,-51.8627801E-03,-6.5678282E-03
+82.2000E-06,-51.8613374E-03,+17.9344128E-03
+82.3000E-06,-51.8367581E-03,+15.1675629E-03
+82.4000E-06,-51.8473015E-03,+8.3289075E-03
+82.5000E-06,-51.7696170E-03,+11.0448808E-03
+82.6000E-06,-51.7770011E-03,+12.2040846E-03
+82.7000E-06,-51.8832123E-03,+11.5055710E-03
+82.8000E-06,-51.8931098E-03,+12.2345314E-03
+82.9000E-06,-51.9121645E-03,+12.1202795E-03
+83.0000E-06,-51.9055758E-03,+13.0378173E-03
+83.1000E-06,-51.9282444E-03,+12.9307149E-03
+83.2000E-06,-51.8425837E-03,+14.0002286E-03
+83.3000E-06,-51.8469417E-03,+13.4025069E-03
+83.4000E-06,-51.7979712E-03,+13.1145290E-03
+83.5000E-06,-51.7950787E-03,+12.8735229E-03
+83.6000E-06,-51.8323357E-03,+12.1014843E-03
+83.7000E-06,-51.7578364E-03,+12.1552724E-03
+83.8000E-06,-51.7995159E-03,+12.1536496E-03
+83.9000E-06,-51.8306877E-03,+11.9781086E-03
+84.0000E-06,-51.8561805E-03,+11.9187103E-03
+84.1000E-06,-51.8847703E-03,+12.2767488E-03
+84.2000E-06,-51.8888754E-03,+12.3701644E-03
+84.3000E-06,+42.5352323E-03,-59.2584851E-03
+84.4000E-06,+48.5575589E-03,-76.2631458E-03
+84.5000E-06,+48.7909121E-03,+26.0019310E-03
+84.6000E-06,+48.6667943E-03,+19.9483761E-03
+84.7000E-06,+48.6284727E-03,-4.7795469E-03
+84.8000E-06,+48.6624599E-03,-229.9513E-06
+84.9000E-06,+48.6958274E-03,+5.6225535E-03
+85.0000E-06,+48.6547990E-03,+3.4509555E-03
+85.1000E-06,+48.7047652E-03,+2.6816542E-03
+85.2000E-06,+48.6998154E-03,+2.7299689E-03
+85.3000E-06,+48.7438075E-03,+2.1145024E-03
+85.4000E-06,+48.7978892E-03,+1.4452325E-03
+85.5000E-06,+48.7894170E-03,+1.1754732E-03
+85.6000E-06,+48.7977515E-03,+1.1796173E-03
+85.7000E-06,+48.6905354E-03,+919.3975E-06
+85.8000E-06,+48.6373317E-03,+1.2840959E-03
+85.9000E-06,+48.6562109E-03,+966.2595E-06
+86.0000E-06,+48.6600183E-03,+1.6556841E-03
+86.1000E-06,+48.6619404E-03,+2.7558025E-03
+86.2000E-06,+48.6656844E-03,+2.5054381E-03
+86.3000E-06,+48.6933185E-03,+2.5556876E-03
+86.4000E-06,+48.7095934E-03,+2.1335193E-03
+86.5000E-06,+48.7462019E-03,+2.3580227E-03
+86.6000E-06,+48.7525251E-03,+1.8018660E-03
+86.7000E-06,+48.7548957E-03,+2.0163806E-03
+86.8000E-06,-41.8163622E-03,+61.3575670E-03
+86.9000E-06,-51.7197540E-03,+96.6852044E-03
+87.0000E-06,-51.9411263E-03,-9.7508072E-03
+87.1000E-06,-51.8891212E-03,-6.3617836E-03
+87.2000E-06,-51.8240400E-03,+18.8200344E-03
+87.3000E-06,-51.7905784E-03,+14.7246084E-03
+87.4000E-06,-51.7791631E-03,+8.6687735E-03
+87.5000E-06,-51.7717866E-03,+10.9056069E-03
+87.6000E-06,-51.8397826E-03,+12.3518393E-03
+87.7000E-06,-51.9186346E-03,+12.0160950E-03
+87.8000E-06,-51.9231294E-03,+11.7899531E-03
+87.9000E-06,-51.8992004E-03,+12.9210882E-03
+88.0000E-06,-51.9272381E-03,+12.7714967E-03
+88.1000E-06,-51.8962103E-03,+13.8533396E-03
+88.2000E-06,-51.8563396E-03,+14.0101194E-03
+88.3000E-06,-51.8739953E-03,+13.6315243E-03
+88.4000E-06,-51.8388398E-03,+13.4850844E-03
+88.5000E-06,-51.7959839E-03,+12.8817093E-03
+88.6000E-06,-51.7679239E-03,+12.6493463E-03
+88.7000E-06,-51.7171824E-03,+11.8320191E-03
+88.8000E-06,-51.8063311E-03,+11.9093917E-03
+88.9000E-06,-51.8925227E-03,+12.1542570E-03
+89.0000E-06,-51.8856981E-03,+12.0038215E-03
+89.1000E-06,-51.9142165E-03,+12.4217281E-03
+89.2000E-06,-51.9091066E-03,+12.3191304E-03
+89.3000E-06,+42.5405565E-03,-59.0779261E-03
+89.4000E-06,+48.6146359E-03,-76.0215684E-03
+89.5000E-06,+48.8324547E-03,+26.1831736E-03
+89.6000E-06,+48.6872474E-03,+20.3946844E-03
+89.7000E-06,+48.6238822E-03,-5.1190710E-03
+89.8000E-06,+48.6863641E-03,-77.1445E-06
+89.9000E-06,+48.7281888E-03,+5.0231332E-03
+90.0000E-06,+48.7065819E-03,+3.6101103E-03
+90.1000E-06,+48.6259727E-03,+2.0244269E-03
+90.2000E-06,+48.7264432E-03,+2.8384096E-03
+90.3000E-06,+48.7067172E-03,+2.1451169E-03
+90.4000E-06,+48.7542765E-03,+1.7423632E-03
+90.5000E-06,+48.7544166E-03,+1.5935714E-03
+90.6000E-06,+48.7540862E-03,+359.5788E-06
+90.7000E-06,+48.7640458E-03,+1.0717634E-03
+90.8000E-06,+48.6691690E-03,+615.9097E-06
+90.9000E-06,+48.6708554E-03,+1.5227860E-03
+91.0000E-06,+48.5931348E-03,+1.5672108E-03
+91.1000E-06,+48.6387764E-03,+1.6696867E-03
+91.2000E-06,+48.6833136E-03,+2.4327902E-03
+91.3000E-06,+48.6478362E-03,+2.0674821E-03
+91.4000E-06,+48.7096283E-03,+2.9458119E-03
+91.5000E-06,+48.6854986E-03,+1.8347042E-03
+91.6000E-06,+48.7833614E-03,+2.1142028E-03
+91.7000E-06,+48.7273828E-03,+1.6085542E-03
+91.8000E-06,-41.8811901E-03,+60.9619038E-03
+91.9000E-06,-51.7327841E-03,+96.5665729E-03
+92.0000E-06,-51.9317092E-03,-10.6772391E-03
+92.1000E-06,-51.8487044E-03,-6.3103983E-03
+92.2000E-06,-51.8109395E-03,+18.2789115E-03
+92.3000E-06,-51.8163853E-03,+14.8706016E-03
+92.4000E-06,-51.8575868E-03,+8.3409159E-03
+92.5000E-06,-51.7599584E-03,+10.6534486E-03
+92.6000E-06,-51.8407861E-03,+11.7623155E-03
+92.7000E-06,-51.8931047E-03,+11.3542401E-03
+92.8000E-06,-51.9026724E-03,+12.2982505E-03
+92.9000E-06,-51.9221526E-03,+12.6960346E-03
+93.0000E-06,-51.9136606E-03,+13.0679987E-03
+93.1000E-06,-51.9191652E-03,+13.4011720E-03
+93.2000E-06,-51.9017470E-03,+13.6499302E-03
+93.3000E-06,-51.8190184E-03,+13.5661473E-03
+93.4000E-06,-51.7938017E-03,+13.4194410E-03
+93.5000E-06,-51.7801960E-03,+13.0773819E-03
+93.6000E-06,-51.7903926E-03,+11.9111912E-03
+93.7000E-06,-51.7525923E-03,+11.7517142E-03
+93.8000E-06,-51.8134225E-03,+11.5126451E-03
+93.9000E-06,-51.9053331E-03,+11.9575427E-03
+94.0000E-06,-51.8926026E-03,+11.6799227E-03
+94.1000E-06,-51.8905235E-03,+12.3037647E-03
+94.2000E-06,-51.8586128E-03,+12.3836353E-03
+94.3000E-06,+42.5548485E-03,-59.2243708E-03
+94.4000E-06,+48.5556211E-03,-75.8783965E-03
+94.5000E-06,+48.7930356E-03,+26.4595257E-03
+94.6000E-06,+48.6928845E-03,+19.8912256E-03
+94.7000E-06,+48.6640004E-03,-4.7233958E-03
+94.8000E-06,+48.6852817E-03,-205.4963E-06
+94.9000E-06,+48.6918607E-03,+5.4492004E-03
+95.0000E-06,+48.6514067E-03,+2.8468927E-03
+95.1000E-06,+48.6502657E-03,+2.1232857E-03
+95.2000E-06,+48.6861637E-03,+2.6685836E-03
+95.3000E-06,+48.6915510E-03,+2.3094694E-03
+95.4000E-06,+48.7626943E-03,+2.2786054E-03
+95.5000E-06,+48.7658600E-03,+1.4443010E-03
+95.6000E-06,+48.7991192E-03,+981.9277E-06
+95.7000E-06,+48.6984508E-03,+745.0265E-06
+95.8000E-06,+48.6586735E-03,+1.3073219E-03
+95.9000E-06,+48.6410114E-03,+1.2880739E-03
+96.0000E-06,+48.6594340E-03,+1.5418387E-03
+96.1000E-06,+48.6873082E-03,+2.2908019E-03
+96.2000E-06,+48.6566425E-03,+2.0891953E-03
+96.3000E-06,+48.7145209E-03,+2.5830918E-03
+96.4000E-06,+48.6939873E-03,+2.2781301E-03
+96.5000E-06,+48.7179161E-03,+2.5996954E-03
+96.6000E-06,+48.7587112E-03,+1.8601655E-03
+96.7000E-06,+48.7807200E-03,+1.9841023E-03
+96.8000E-06,-41.8844350E-03,+61.4738873E-03
+96.9000E-06,-51.7027778E-03,+96.4366985E-03
+97.0000E-06,-51.9700696E-03,-10.3340574E-03
+97.1000E-06,-51.9042968E-03,-6.5618764E-03
+97.2000E-06,-51.8188061E-03,+18.7258460E-03
+97.3000E-06,-51.8287809E-03,+14.6942408E-03
+97.4000E-06,-51.8122473E-03,+8.8058843E-03
+97.5000E-06,-51.7411587E-03,+10.7307157E-03
+97.6000E-06,-51.8126038E-03,+12.0501065E-03
+97.7000E-06,-51.8389436E-03,+11.8492027E-03
+97.8000E-06,-51.9029560E-03,+11.8007767E-03
+97.9000E-06,-51.9132888E-03,+12.9396352E-03
+98.0000E-06,-51.8885296E-03,+12.4864529E-03
+98.1000E-06,-51.8294131E-03,+13.7156508E-03
+98.2000E-06,-51.8595327E-03,+13.4563450E-03
+98.3000E-06,-51.8525071E-03,+13.3366308E-03
+98.4000E-06,-51.8233558E-03,+13.4648679E-03
+98.5000E-06,-51.8265661E-03,+12.4453141E-03
+98.6000E-06,-51.7638287E-03,+12.4948210E-03
+98.7000E-06,-51.7674961E-03,+11.7557584E-03
+98.8000E-06,-51.7781209E-03,+12.2086914E-03
+98.9000E-06,-51.8804418E-03,+11.8499756E-03
+99.0000E-06,-51.8725546E-03,+11.9304700E-03
+99.1000E-06,-51.9122910E-03,+12.4537368E-03
+99.2000E-06,-51.8942317E-03,+12.2572663E-03
+99.3000E-06,+42.5792039E-03,-59.2068026E-03
+99.4000E-06,+48.5882705E-03,-75.8700595E-03
+99.5000E-06,+48.8244392E-03,+26.1650203E-03
+99.6000E-06,+48.6811720E-03,+20.0620033E-03
+99.7000E-06,+48.5952694E-03,-4.8911530E-03
+99.8000E-06,+48.6399198E-03,-106.2818E-06
+99.9000E-06,+48.7045172E-03,+5.2557917E-03
